test_id,question_id,subject,level,response_count,median_response_time,threshold,cap_bound
math_algebra1_2014,1,math,algebra1,109,35.0,10.0,True
math_algebra1_2014,2,math,algebra1,109,9.0,2.6999999999999997,False
math_algebra1_2014,3,math,algebra1,109,9.0,2.6999999999999997,False
math_algebra1_2014,4,math,algebra1,109,18.0,5.3999999999999995,False
math_algebra1_2014,5,math,algebra1,109,8.0,2.4,False
math_algebra1_2014,6,math,algebra1,109,14.0,4.2,False
math_algebra1_2014,7,math,algebra1,109,20.0,6.0,False
math_algebra1_2014,8,math,algebra1,109,19.0,5.7,False
math_algebra1_2014,9,math,algebra1,109,23.0,6.8999999999999995,False
math_algebra1_2014,10,math,algebra1,109,16.0,4.8,False
math_algebra1_2014,11,math,algebra1,109,15.0,4.5,False
math_algebra1_2014,12,math,algebra1,109,19.0,5.7,False
math_algebra1_2014,13,math,algebra1,109,12.0,3.5999999999999996,False
math_algebra1_2014,14,math,algebra1,109,7.0,2.1,False
math_algebra1_2014,15,math,algebra1,109,3.0,0.8999999999999999,False
math_algebra1_2014,16,math,algebra1,109,14.0,4.2,False
math_algebra1_2014,17,math,algebra1,109,26.0,7.8,False
math_algebra1_2014,18,math,algebra1,109,18.0,5.3999999999999995,False
math_algebra1_2014,19,math,algebra1,109,23.0,6.8999999999999995,False
math_algebra1_2014,20,math,algebra1,109,10.0,3.0,False
math_algebra1_2014,21,math,algebra1,109,25.0,7.5,False
math_algebra1_2014,22,math,algebra1,109,18.0,5.3999999999999995,False
math_algebra1_2014,23,math,algebra1,109,6.0,1.7999999999999998,False
math_algebra1_2014,24,math,algebra1,109,15.0,4.5,False
math_algebra1_2014,25,math,algebra1,109,6.0,1.7999999999999998,False
math_algebra1_2014,26,math,algebra1,109,26.0,7.8,False
math_algebra1_2014,27,math,algebra1,109,21.0,6.3,False
math_algebra1_2014,28,math,algebra1,109,40.0,10.0,True
math_algebra1_2014,29,math,algebra1,109,39.0,10.0,True
math_algebra1_2014,30,math,algebra1,109,14.0,4.2,False
math_algebra1_2014,31,math,algebra1,109,8.0,2.4,False
math_algebra1_2014,32,math,algebra1,109,34.0,10.0,True
math_algebra1_2014,33,math,algebra1,109,16.0,4.8,False
math_algebra1_2014,34,math,algebra1,109,37.0,10.0,True
math_algebra1_2014,35,math,algebra1,109,18.0,5.3999999999999995,False
math_algebra1_2014,36,math,algebra1,109,41.0,10.0,True
math_algebra1_2014,37,math,algebra1,109,27.0,8.1,False
math_algebra1_2014,38,math,algebra1,109,10.0,3.0,False
math_algebra1_2014,39,math,algebra1,109,5.0,1.5,False
math_algebra1_2014,40,math,algebra1,109,18.0,5.3999999999999995,False
math_algebra1_2014,41,math,algebra1,109,61.0,10.0,True
math_algebra1_2014,42,math,algebra1,109,108.0,10.0,True
math_algebra1_2014,43,math,algebra1,109,20.0,6.0,False
math_algebra1_2014,44,math,algebra1,109,20.0,6.0,False
math_algebra1_2014,45,math,algebra1,109,18.0,5.3999999999999995,False
math_algebra1_2014,46,math,algebra1,109,12.0,3.5999999999999996,False
math_algebra1_2014,47,math,algebra1,109,98.0,10.0,True
math_algebra1_2014,48,math,algebra1,109,44.0,10.0,True
math_algebra1_2014,49,math,algebra1,109,10.0,3.0,False
math_algebra1_2014,50,math,algebra1,109,30.0,9.0,False
math_algebra1_2015,1,math,algebra1,96,14.5,4.35,False
math_algebra1_2015,2,math,algebra1,96,21.0,6.3,False
math_algebra1_2015,3,math,algebra1,96,16.5,4.95,False
math_algebra1_2015,4,math,algebra1,96,52.5,10.0,True
math_algebra1_2015,5,math,algebra1,96,24.0,7.199999999999999,False
math_algebra1_2015,6,math,algebra1,96,24.5,7.35,False
math_algebra1_2015,7,math,algebra1,96,45.0,10.0,True
math_algebra1_2015,8,math,algebra1,96,49.0,10.0,True
math_algebra1_2015,9,math,algebra1,96,17.5,5.25,False
math_algebra1_2015,10,math,algebra1,96,25.0,7.5,False
math_algebra1_2015,11,math,algebra1,96,28.0,8.4,False
math_algebra1_2015,12,math,algebra1,96,33.5,10.0,True
math_algebra1_2015,13,math,algebra1,96,72.0,10.0,True
math_algebra1_2015,14,math,algebra1,96,57.0,10.0,True
math_algebra1_2015,15,math,algebra1,96,36.0,10.0,True
math_algebra1_2015,16,math,algebra1,96,47.5,10.0,True
math_algebra1_2015,17,math,algebra1,96,34.5,10.0,True
math_algebra1_2015,18,math,algebra1,96,21.5,6.45,False
math_algebra1_2015,19,math,algebra1,96,25.5,7.6499999999999995,False
math_algebra1_2015,20,math,algebra1,96,62.0,10.0,True
math_algebra1_2015,21,math,algebra1,96,53.5,10.0,True
math_algebra1_2015,22,math,algebra1,96,23.5,7.05,False
math_algebra1_2015,23,math,algebra1,96,40.0,10.0,True
math_algebra1_2015,24,math,algebra1,96,18.5,5.55,False
math_algebra1_2015,25,math,algebra1,96,35.5,10.0,True
math_algebra1_2015,26,math,algebra1,96,54.5,10.0,True
math_algebra1_2015,27,math,algebra1,96,34.0,10.0,True
math_algebra1_2015,28,math,algebra1,96,12.0,3.5999999999999996,False
math_algebra1_2015,29,math,algebra1,96,61.0,10.0,True
math_algebra1_2015,30,math,algebra1,96,60.0,10.0,True
math_algebra1_2015,31,math,algebra1,96,33.0,9.9,False
math_algebra1_2015,32,math,algebra1,96,16.5,4.95,False
math_algebra1_2015,33,math,algebra1,96,34.5,10.0,True
math_algebra1_2015,34,math,algebra1,96,33.5,10.0,True
math_algebra1_2015,35,math,algebra1,96,30.5,9.15,False
math_algebra1_2015,36,math,algebra1,96,21.0,6.3,False
math_algebra1_2015,37,math,algebra1,96,30.5,9.15,False
math_algebra1_2015,38,math,algebra1,96,23.5,7.05,False
math_algebra1_2015,39,math,algebra1,96,9.0,2.6999999999999997,False
math_algebra1_2015,40,math,algebra1,96,24.0,7.199999999999999,False
math_algebra1_2015,41,math,algebra1,96,14.0,4.2,False
math_algebra1_2015,42,math,algebra1,96,22.0,6.6,False
math_algebra1_2015,43,math,algebra1,96,13.0,3.9,False
math_algebra1_2015,44,math,algebra1,96,9.5,2.85,False
math_algebra1_practice_2023,1,math,algebra1,341,24.0,7.199999999999999,False
math_algebra1_practice_2023,2,math,algebra1,341,14.0,4.2,False
math_algebra1_practice_2023,3,math,algebra1,341,13.0,3.9,False
math_algebra1_practice_2023,4,math,algebra1,341,15.0,4.5,False
math_algebra1_practice_2023,5,math,algebra1,341,14.0,4.2,False
math_algebra1_practice_2023,6,math,algebra1,341,44.0,10.0,True
math_algebra1_practice_2023,7,math,algebra1,341,13.0,3.9,False
math_algebra1_practice_2023,8,math,algebra1,341,31.0,9.299999999999999,False
math_algebra1_practice_2023,9,math,algebra1,341,23.0,6.8999999999999995,False
math_algebra1_practice_2023,10,math,algebra1,341,29.0,8.7,False
math_algebra1_practice_2023,11,math,algebra1,341,27.0,8.1,False
math_algebra1_practice_2023,12,math,algebra1,341,28.0,8.4,False
math_algebra1_practice_2023,13,math,algebra1,341,16.0,4.8,False
math_algebra1_practice_2023,14,math,algebra1,341,19.0,5.7,False
math_algebra1_practice_2023,15,math,algebra1,341,16.0,4.8,False
math_algebra1_practice_2023,16,math,algebra1,341,10.0,3.0,False
math_algebra1_practice_2023,17,math,algebra1,341,19.0,5.7,False
math_algebra1_practice_2023,18,math,algebra1,341,18.0,5.3999999999999995,False
math_algebra2_2014,1,math,algebra2,7,112.0,10.0,True
math_algebra2_2014,2,math,algebra2,7,40.0,10.0,True
math_algebra2_2014,3,math,algebra2,7,74.0,10.0,True
math_algebra2_2014,4,math,algebra2,7,77.0,10.0,True
math_algebra2_2014,5,math,algebra2,7,33.0,9.9,False
math_algebra2_2014,6,math,algebra2,7,88.0,10.0,True
math_algebra2_2014,7,math,algebra2,7,34.0,10.0,True
math_algebra2_2014,8,math,algebra2,7,58.0,10.0,True
math_algebra2_2014,9,math,algebra2,7,22.0,6.6,False
math_algebra2_2014,10,math,algebra2,7,111.0,10.0,True
math_algebra2_2014,11,math,algebra2,7,15.0,4.5,False
math_algebra2_2014,12,math,algebra2,7,42.0,10.0,True
math_algebra2_2014,13,math,algebra2,7,81.0,10.0,True
math_algebra2_2014,14,math,algebra2,7,38.0,10.0,True
math_algebra2_2014,15,math,algebra2,7,22.0,6.6,False
math_algebra2_2014,16,math,algebra2,7,57.0,10.0,True
math_algebra2_2014,17,math,algebra2,7,129.0,10.0,True
math_algebra2_2014,18,math,algebra2,7,36.0,10.0,True
math_algebra2_2014,19,math,algebra2,7,19.0,5.7,False
math_algebra2_2014,20,math,algebra2,7,34.0,10.0,True
math_algebra2_2014,21,math,algebra2,7,36.0,10.0,True
math_algebra2_2014,22,math,algebra2,7,8.0,2.4,False
math_algebra2_2014,23,math,algebra2,7,54.0,10.0,True
math_algebra2_2014,24,math,algebra2,7,28.0,8.4,False
math_algebra2_2014,25,math,algebra2,7,22.0,6.6,False
math_algebra2_2014,26,math,algebra2,7,32.0,9.6,False
math_algebra2_2014,27,math,algebra2,7,38.0,10.0,True
math_algebra2_2014,28,math,algebra2,7,64.0,10.0,True
math_algebra2_2014,29,math,algebra2,7,71.0,10.0,True
math_algebra2_2014,30,math,algebra2,7,15.0,4.5,False
math_algebra2_2014,31,math,algebra2,7,24.0,7.199999999999999,False
math_algebra2_2014,32,math,algebra2,7,27.0,8.1,False
math_algebra2_2014,33,math,algebra2,7,13.0,3.9,False
math_algebra2_2014,34,math,algebra2,7,39.0,10.0,True
math_algebra2_2014,35,math,algebra2,7,52.0,10.0,True
math_algebra2_2014,36,math,algebra2,7,17.0,5.1,False
math_algebra2_2014,37,math,algebra2,7,47.0,10.0,True
math_algebra2_2014,38,math,algebra2,7,20.0,6.0,False
math_algebra2_2014,39,math,algebra2,7,32.0,9.6,False
math_algebra2_2014,40,math,algebra2,7,28.0,8.4,False
math_algebra2_2014,41,math,algebra2,7,41.0,10.0,True
math_algebra2_2014,42,math,algebra2,7,20.0,6.0,False
math_algebra2_2014,43,math,algebra2,7,199.0,10.0,True
math_algebra2_2014,44,math,algebra2,7,35.0,10.0,True
math_algebra2_2014,45,math,algebra2,7,17.0,5.1,False
math_algebra2_2014,46,math,algebra2,7,59.0,10.0,True
math_algebra2_2014,47,math,algebra2,7,13.0,3.9,False
math_algebra2_2014,48,math,algebra2,7,12.0,3.5999999999999996,False
math_algebra2_2014,49,math,algebra2,7,48.0,10.0,True
math_algebra2_2014,50,math,algebra2,7,34.0,10.0,True
math_algebra2_2015,1,math,algebra2,14,14.5,4.35,False
math_algebra2_2015,2,math,algebra2,14,14.0,4.2,False
math_algebra2_2015,3,math,algebra2,14,15.5,4.6499999999999995,False
math_algebra2_2015,4,math,algebra2,14,78.0,10.0,True
math_algebra2_2015,5,math,algebra2,14,27.5,8.25,False
math_algebra2_2015,6,math,algebra2,14,14.0,4.2,False
math_algebra2_2015,7,math,algebra2,14,52.0,10.0,True
math_algebra2_2015,8,math,algebra2,14,87.0,10.0,True
math_algebra2_2015,9,math,algebra2,14,31.0,9.299999999999999,False
math_algebra2_2015,10,math,algebra2,14,16.0,4.8,False
math_algebra2_2015,11,math,algebra2,14,72.0,10.0,True
math_algebra2_2015,12,math,algebra2,14,10.0,3.0,False
math_algebra2_2015,13,math,algebra2,14,23.0,6.8999999999999995,False
math_algebra2_2015,14,math,algebra2,14,28.0,8.4,False
math_algebra2_2015,15,math,algebra2,14,28.0,8.4,False
math_algebra2_2015,16,math,algebra2,14,61.0,10.0,True
math_algebra2_2015,17,math,algebra2,14,31.5,9.45,False
math_algebra2_2015,18,math,algebra2,14,19.0,5.7,False
math_algebra2_2015,19,math,algebra2,14,42.0,10.0,True
math_algebra2_2015,20,math,algebra2,14,35.0,10.0,True
math_algebra2_2015,21,math,algebra2,14,35.0,10.0,True
math_algebra2_2015,22,math,algebra2,14,38.0,10.0,True
math_algebra2_2015,23,math,algebra2,14,57.5,10.0,True
math_algebra2_2015,24,math,algebra2,14,50.5,10.0,True
math_algebra2_2015,25,math,algebra2,14,53.0,10.0,True
math_algebra2_2015,26,math,algebra2,14,50.0,10.0,True
math_algebra2_2015,27,math,algebra2,14,41.5,10.0,True
math_algebra2_2015,28,math,algebra2,14,41.0,10.0,True
math_algebra2_2015,29,math,algebra2,14,29.0,8.7,False
math_algebra2_2015,30,math,algebra2,14,34.0,10.0,True
math_algebra2_2015,31,math,algebra2,14,70.5,10.0,True
math_algebra2_2015,32,math,algebra2,14,33.0,9.9,False
math_algebra2_2015,33,math,algebra2,14,36.5,10.0,True
math_algebra2_2015,34,math,algebra2,14,35.0,10.0,True
math_algebra2_2015,35,math,algebra2,14,26.5,7.949999999999999,False
math_algebra2_2015,36,math,algebra2,14,57.5,10.0,True
math_algebra2_2015,37,math,algebra2,14,16.0,4.8,False
math_algebra2_2015,38,math,algebra2,14,17.5,5.25,False
math_algebra2_practice_2023,1,math,algebra2,92,10.5,3.15,False
math_algebra2_practice_2023,2,math,algebra2,92,5.0,1.5,False
math_algebra2_practice_2023,3,math,algebra2,92,10.0,3.0,False
math_algebra2_practice_2023,4,math,algebra2,92,7.0,2.1,False
math_algebra2_practice_2023,5,math,algebra2,92,8.0,2.4,False
math_algebra2_practice_2023,6,math,algebra2,92,5.0,1.5,False
math_algebra2_practice_2023,7,math,algebra2,92,4.5,1.3499999999999999,False
math_algebra2_practice_2023,8,math,algebra2,92,13.5,4.05,False
math_algebra2_practice_2023,9,math,algebra2,92,12.0,3.5999999999999996,False
math_algebra2_practice_2023,10,math,algebra2,92,8.5,2.55,False
math_algebra2_practice_2023,11,math,algebra2,92,20.0,6.0,False
math_algebra2_practice_2023,12,math,algebra2,92,9.0,2.6999999999999997,False
math_algebra2_practice_2023,13,math,algebra2,92,13.5,4.05,False
math_algebra2_practice_2023,14,math,algebra2,92,10.5,3.15,False
math_algebra2_practice_2023,15,math,algebra2,92,12.0,3.5999999999999996,False
math_algebra2_practice_2023,16,math,algebra2,92,11.0,3.3,False
math_algebra2_practice_2023,17,math,algebra2,92,20.0,6.0,False
math_algebra2_practice_2023,18,math,algebra2,92,15.0,4.5,False
math_algebra2_practice_2023,19,math,algebra2,92,14.5,4.35,False
math_algebra2_practice_2023,20,math,algebra2,92,14.5,4.35,False
math_algebra2_practice_2023,21,math,algebra2,92,14.0,4.2,False
math_algebra2_practice_2023,22,math,algebra2,92,11.0,3.3,False
math_geometry_2014,1,math,geometry,35,14.0,4.2,False
math_geometry_2014,2,math,geometry,35,12.0,3.5999999999999996,False
math_geometry_2014,3,math,geometry,35,18.0,5.3999999999999995,False
math_geometry_2014,4,math,geometry,35,8.0,2.4,False
math_geometry_2014,5,math,geometry,35,5.0,1.5,False
math_geometry_2014,6,math,geometry,70,17.5,5.25,False
math_geometry_2014,7,math,geometry,35,21.0,6.3,False
math_geometry_2014,8,math,geometry,35,23.0,6.8999999999999995,False
math_geometry_2014,9,math,geometry,35,11.0,3.3,False
math_geometry_2014,10,math,geometry,35,40.0,10.0,True
math_geometry_2014,12,math,geometry,35,11.0,3.3,False
math_geometry_2014,13,math,geometry,35,14.0,4.2,False
math_geometry_2014,14,math,geometry,35,43.0,10.0,True
math_geometry_2014,15,math,geometry,35,36.0,10.0,True
math_geometry_2014,16,math,geometry,35,27.0,8.1,False
math_geometry_2014,17,math,geometry,35,30.0,9.0,False
math_geometry_2014,18,math,geometry,35,37.0,10.0,True
math_geometry_2014,19,math,geometry,35,42.0,10.0,True
math_geometry_2014,20,math,geometry,35,32.0,9.6,False
math_geometry_2014,21,math,geometry,35,34.0,10.0,True
math_geometry_2014,22,math,geometry,35,58.0,10.0,True
math_geometry_2014,23,math,geometry,35,27.0,8.1,False
math_geometry_2014,24,math,geometry,35,65.0,10.0,True
math_geometry_2014,25,math,geometry,35,33.0,9.9,False
math_geometry_2014,26,math,geometry,35,40.0,10.0,True
math_geometry_2014,27,math,geometry,35,37.0,10.0,True
math_geometry_2014,28,math,geometry,35,44.0,10.0,True
math_geometry_2014,29,math,geometry,35,43.0,10.0,True
math_geometry_2014,30,math,geometry,35,13.0,3.9,False
math_geometry_2014,31,math,geometry,35,31.0,9.299999999999999,False
math_geometry_2014,32,math,geometry,35,43.0,10.0,True
math_geometry_2014,33,math,geometry,35,36.0,10.0,True
math_geometry_2014,34,math,geometry,35,62.0,10.0,True
math_geometry_2014,35,math,geometry,35,17.0,5.1,False
math_geometry_2014,36,math,geometry,35,118.0,10.0,True
math_geometry_2014,37,math,geometry,35,27.0,8.1,False
math_geometry_2014,38,math,geometry,35,64.0,10.0,True
math_geometry_2014,39,math,geometry,35,24.0,7.199999999999999,False
math_geometry_2014,40,math,geometry,35,54.0,10.0,True
math_geometry_2014,41,math,geometry,35,38.0,10.0,True
math_geometry_2014,42,math,geometry,35,26.0,7.8,False
math_geometry_2014,43,math,geometry,35,23.0,6.8999999999999995,False
math_geometry_2014,44,math,geometry,35,27.0,8.1,False
math_geometry_2014,45,math,geometry,35,35.0,10.0,True
math_geometry_2014,46,math,geometry,35,16.0,4.8,False
math_geometry_2014,47,math,geometry,35,28.0,8.4,False
math_geometry_2014,48,math,geometry,35,3.0,0.8999999999999999,False
math_geometry_2014,49,math,geometry,35,16.0,4.8,False
math_geometry_2014,50,math,geometry,35,9.0,2.6999999999999997,False
math_geometry_2015,1,math,geometry,100,16.5,4.95,False
math_geometry_2015,2,math,geometry,100,17.5,5.25,False
math_geometry_2015,3,math,geometry,100,36.0,10.0,True
math_geometry_2015,4,math,geometry,100,17.5,5.25,False
math_geometry_2015,5,math,geometry,100,31.5,9.45,False
math_geometry_2015,6,math,geometry,100,16.0,4.8,False
math_geometry_2015,7,math,geometry,100,9.0,2.6999999999999997,False
math_geometry_2015,8,math,geometry,100,15.0,4.5,False
math_geometry_2015,9,math,geometry,100,38.5,10.0,True
math_geometry_2015,10,math,geometry,100,22.0,6.6,False
math_geometry_2015,11,math,geometry,100,18.0,5.3999999999999995,False
math_geometry_2015,12,math,geometry,100,65.0,10.0,True
math_geometry_2015,13,math,geometry,100,19.0,5.7,False
math_geometry_2015,14,math,geometry,100,26.0,7.8,False
math_geometry_2015,15,math,geometry,100,44.5,10.0,True
math_geometry_2015,16,math,geometry,100,77.0,10.0,True
math_geometry_2015,17,math,geometry,100,55.5,10.0,True
math_geometry_2015,18,math,geometry,100,42.0,10.0,True
math_geometry_2015,19,math,geometry,100,66.5,10.0,True
math_geometry_2015,20,math,geometry,100,33.0,9.9,False
math_geometry_2015,21,math,geometry,100,65.5,10.0,True
math_geometry_2015,22,math,geometry,100,39.5,10.0,True
math_geometry_2015,23,math,geometry,100,31.5,9.45,False
math_geometry_2015,24,math,geometry,100,44.5,10.0,True
math_geometry_2015,25,math,geometry,100,58.5,10.0,True
math_geometry_2015,26,math,geometry,100,38.5,10.0,True
math_geometry_2015,27,math,geometry,100,38.5,10.0,True
math_geometry_2015,28,math,geometry,100,45.0,10.0,True
math_geometry_2015,29,math,geometry,100,19.0,5.7,False
math_geometry_2015,30,math,geometry,100,44.0,10.0,True
math_geometry_2015,31,math,geometry,100,53.5,10.0,True
math_geometry_2015,32,math,geometry,100,19.5,5.85,False
math_geometry_2015,33,math,geometry,100,42.5,10.0,True
math_geometry_2015,34,math,geometry,100,41.0,10.0,True
math_geometry_2015,35,math,geometry,100,66.5,10.0,True
math_geometry_2015,36,math,geometry,100,14.5,4.35,False
math_geometry_2015,37,math,geometry,100,40.5,10.0,True
math_geometry_2015,38,math,geometry,100,76.0,10.0,True
math_geometry_2015,39,math,geometry,100,44.0,10.0,True
math_geometry_2015,40,math,geometry,100,17.0,5.1,False
math_geometry_2015,41,math,geometry,100,40.0,10.0,True
math_geometry_2015,42,math,geometry,100,24.0,7.199999999999999,False
math_geometry_2015,43,math,geometry,100,16.5,4.95,False
math_geometry_2015,44,math,geometry,100,28.0,8.4,False
math_geometry_2015,45,math,geometry,100,14.5,4.35,False
math_geometry_practice_2023,1,math,geometry,252,9.0,2.6999999999999997,False
math_geometry_practice_2023,2,math,geometry,252,8.5,2.55,False
math_geometry_practice_2023,3,math,geometry,252,6.0,1.7999999999999998,False
math_geometry_practice_2023,4,math,geometry,252,9.0,2.6999999999999997,False
math_geometry_practice_2023,5,math,geometry,252,7.0,2.1,False
math_geometry_practice_2023,6,math,geometry,252,7.0,2.1,False
math_geometry_practice_2023,7,math,geometry,252,7.5,2.25,False
math_geometry_practice_2023,8,math,geometry,252,7.0,2.1,False
math_geometry_practice_2023,9,math,geometry,252,6.5,1.95,False
math_geometry_practice_2023,10,math,geometry,252,6.0,1.7999999999999998,False
math_geometry_practice_2023,11,math,geometry,252,11.0,3.3,False
math_geometry_practice_2023,12,math,geometry,252,6.0,1.7999999999999998,False
math_geometry_practice_2023,13,math,geometry,252,9.0,2.6999999999999997,False
math_geometry_practice_2023,14,math,geometry,252,6.5,1.95,False
math_geometry_practice_2023,15,math,geometry,252,12.0,3.5999999999999996,False
math_geometry_practice_2023,16,math,geometry,252,7.5,2.25,False
math_geometry_practice_2023,17,math,geometry,252,9.0,2.6999999999999997,False
math_geometry_practice_2023,18,math,geometry,252,11.0,3.3,False
math_geometry_practice_2023,19,math,geometry,252,10.5,3.15,False
math_geometry_practice_2023,20,math,geometry,252,6.0,1.7999999999999998,False
math_geometry_practice_2023,21,math,geometry,252,6.0,1.7999999999999998,False
math_geometry_practice_2023,22,math,geometry,252,6.0,1.7999999999999998,False
math_geometry_practice_2023,23,math,geometry,252,5.5,1.65,False
math_grade3_2014,1,math,grade3,312,12.0,3.5999999999999996,False
math_grade3_2014,2,math,grade3,312,9.0,2.6999999999999997,False
math_grade3_2014,3,math,grade3,312,7.0,2.1,False
math_grade3_2014,4,math,grade3,312,38.5,10.0,True
math_grade3_2014,5,math,grade3,312,13.0,3.9,False
math_grade3_2014,6,math,grade3,312,11.0,3.3,False
math_grade3_2014,7,math,grade3,312,9.0,2.6999999999999997,False
math_grade3_2014,8,math,grade3,312,12.0,3.5999999999999996,False
math_grade3_2014,9,math,grade3,312,12.0,3.5999999999999996,False
math_grade3_2014,10,math,grade3,312,9.0,2.6999999999999997,False
math_grade3_2014,11,math,grade3,312,9.0,2.6999999999999997,False
math_grade3_2014,12,math,grade3,312,17.0,5.1,False
math_grade3_2014,13,math,grade3,312,11.5,3.4499999999999997,False
math_grade3_2014,14,math,grade3,312,17.0,5.1,False
math_grade3_2014,15,math,grade3,312,14.0,4.2,False
math_grade3_2014,16,math,grade3,312,27.5,8.25,False
math_grade3_2014,17,math,grade3,312,8.0,2.4,False
math_grade3_2014,18,math,grade3,312,14.0,4.2,False
math_grade3_2014,19,math,grade3,312,10.0,3.0,False
math_grade3_2014,20,math,grade3,312,21.0,6.3,False
math_grade3_2014,21,math,grade3,312,14.5,4.35,False
math_grade3_2014,22,math,grade3,312,8.0,2.4,False
math_grade3_2014,23,math,grade3,312,6.0,1.7999999999999998,False
math_grade3_2014,24,math,grade3,312,10.0,3.0,False
math_grade3_2014,25,math,grade3,312,19.0,5.7,False
math_grade3_2014,26,math,grade3,312,12.0,3.5999999999999996,False
math_grade3_2014,27,math,grade3,312,17.0,5.1,False
math_grade3_2014,28,math,grade3,312,16.5,4.95,False
math_grade3_2014,29,math,grade3,312,15.5,4.6499999999999995,False
math_grade3_2014,30,math,grade3,312,17.5,5.25,False
math_grade3_2014,31,math,grade3,312,13.0,3.9,False
math_grade3_2014,32,math,grade3,312,27.5,8.25,False
math_grade3_2014,33,math,grade3,312,19.5,5.85,False
math_grade3_2014,34,math,grade3,312,29.5,8.85,False
math_grade3_2014,35,math,grade3,312,28.0,8.4,False
math_grade3_2014,36,math,grade3,312,40.5,10.0,True
math_grade3_2014,37,math,grade3,312,14.0,4.2,False
math_grade3_2014,38,math,grade3,312,14.0,4.2,False
math_grade3_2014,39,math,grade3,312,19.0,5.7,False
math_grade3_2014,40,math,grade3,312,18.0,5.3999999999999995,False
math_grade3_practice_2023,1,math,grade3,1398,5.0,1.5,False
math_grade3_practice_2023,2,math,grade3,1398,5.0,1.5,False
math_grade3_practice_2023,3,math,grade3,1398,5.0,1.5,False
math_grade3_practice_2023,4,math,grade3,1398,5.0,1.5,False
math_grade3_practice_2023,5,math,grade3,1398,4.0,1.2,False
math_grade3_practice_2023,6,math,grade3,1398,4.0,1.2,False
math_grade3_practice_2023,7,math,grade3,1398,4.0,1.2,False
math_grade3_practice_2023,8,math,grade3,1398,4.0,1.2,False
math_grade3_practice_2023,9,math,grade3,1398,5.0,1.5,False
math_grade3_practice_2023,11,math,grade3,1398,4.0,1.2,False
math_grade3_practice_2023,13,math,grade3,1398,5.0,1.5,False
math_grade3_practice_2023,14,math,grade3,1398,5.0,1.5,False
math_grade3_practice_2023,15,math,grade3,1398,5.0,1.5,False
math_grade3_practice_2023,16,math,grade3,1398,5.0,1.5,False
math_grade3_practice_2023,17,math,grade3,1398,4.0,1.2,False
math_grade3_practice_2023,18,math,grade3,1398,4.0,1.2,False
math_grade3_practice_2023,19,math,grade3,1398,6.0,1.7999999999999998,False
math_grade4_2014,1,math,grade4,207,6.0,1.7999999999999998,False
math_grade4_2014,2,math,grade4,207,5.0,1.5,False
math_grade4_2014,3,math,grade4,207,5.0,1.5,False
math_grade4_2014,4,math,grade4,207,7.0,2.1,False
math_grade4_2014,5,math,grade4,207,10.0,3.0,False
math_grade4_2014,6,math,grade4,207,6.0,1.7999999999999998,False
math_grade4_2014,7,math,grade4,207,7.0,2.1,False
math_grade4_2014,8,math,grade4,207,7.0,2.1,False
math_grade4_2014,9,math,grade4,207,19.0,5.7,False
math_grade4_2014,10,math,grade4,207,7.0,2.1,False
math_grade4_2014,11,math,grade4,207,8.0,2.4,False
math_grade4_2014,12,math,grade4,207,7.0,2.1,False
math_grade4_2014,13,math,grade4,207,6.0,1.7999999999999998,False
math_grade4_2014,14,math,grade4,207,9.0,2.6999999999999997,False
math_grade4_2014,15,math,grade4,207,6.0,1.7999999999999998,False
math_grade4_2014,16,math,grade4,207,8.0,2.4,False
math_grade4_2014,17,math,grade4,207,59.0,10.0,True
math_grade4_2014,18,math,grade4,207,13.0,3.9,False
math_grade4_2014,19,math,grade4,207,7.0,2.1,False
math_grade4_2014,20,math,grade4,207,7.0,2.1,False
math_grade4_2014,21,math,grade4,207,8.0,2.4,False
math_grade4_2014,22,math,grade4,207,6.0,1.7999999999999998,False
math_grade4_2014,23,math,grade4,207,10.0,3.0,False
math_grade4_2014,24,math,grade4,207,19.0,5.7,False
math_grade4_2014,25,math,grade4,207,11.0,3.3,False
math_grade4_2014,26,math,grade4,207,5.0,1.5,False
math_grade4_2014,27,math,grade4,207,7.0,2.1,False
math_grade4_2014,28,math,grade4,207,9.0,2.6999999999999997,False
math_grade4_2014,29,math,grade4,207,11.0,3.3,False
math_grade4_2014,30,math,grade4,207,6.0,1.7999999999999998,False
math_grade4_2014,31,math,grade4,207,8.0,2.4,False
math_grade4_2014,32,math,grade4,207,10.0,3.0,False
math_grade4_2014,33,math,grade4,207,5.0,1.5,False
math_grade4_2014,34,math,grade4,207,7.0,2.1,False
math_grade4_2014,35,math,grade4,207,7.0,2.1,False
math_grade4_2014,36,math,grade4,207,5.0,1.5,False
math_grade4_2014,37,math,grade4,207,7.0,2.1,False
math_grade4_2014,38,math,grade4,207,7.0,2.1,False
math_grade4_2014,39,math,grade4,207,8.0,2.4,False
math_grade4_2014,40,math,grade4,207,7.0,2.1,False
math_grade4_2014,41,math,grade4,207,12.0,3.5999999999999996,False
math_grade4_2014,42,math,grade4,207,14.0,4.2,False
math_grade4_2014,43,math,grade4,207,8.0,2.4,False
math_grade4_2014,44,math,grade4,207,12.0,3.5999999999999996,False
math_grade4_2014,45,math,grade4,207,7.0,2.1,False
math_grade4_2014,46,math,grade4,207,16.0,4.8,False
math_grade4_2014,47,math,grade4,207,9.0,2.6999999999999997,False
math_grade4_2014,48,math,grade4,207,12.0,3.5999999999999996,False
math_grade4_2014,49,math,grade4,207,18.0,5.3999999999999995,False
math_grade4_2014,50,math,grade4,207,11.0,3.3,False
math_grade4_practice_2023,1,math,grade4,743,7.0,2.1,False
math_grade4_practice_2023,2,math,grade4,743,4.0,1.2,False
math_grade4_practice_2023,3,math,grade4,743,5.0,1.5,False
math_grade4_practice_2023,4,math,grade4,743,4.0,1.2,False
math_grade4_practice_2023,5,math,grade4,743,5.0,1.5,False
math_grade4_practice_2023,6,math,grade4,743,7.0,2.1,False
math_grade4_practice_2023,7,math,grade4,743,6.0,1.7999999999999998,False
math_grade4_practice_2023,8,math,grade4,743,5.0,1.5,False
math_grade4_practice_2023,9,math,grade4,743,6.0,1.7999999999999998,False
math_grade4_practice_2023,10,math,grade4,743,5.0,1.5,False
math_grade4_practice_2023,11,math,grade4,743,5.0,1.5,False
math_grade4_practice_2023,12,math,grade4,743,5.0,1.5,False
math_grade4_practice_2023,13,math,grade4,743,6.0,1.7999999999999998,False
math_grade4_practice_2023,14,math,grade4,743,5.0,1.5,False
math_grade4_practice_2023,15,math,grade4,743,8.0,2.4,False
math_grade4_practice_2023,16,math,grade4,743,5.0,1.5,False
math_grade4_practice_2023,17,math,grade4,743,6.0,1.7999999999999998,False
math_grade4_practice_2023,18,math,grade4,743,6.0,1.7999999999999998,False
math_grade5_2014,1,math,grade5,109,18.0,5.3999999999999995,False
math_grade5_2014,2,math,grade5,109,4.0,1.2,False
math_grade5_2014,3,math,grade5,109,8.0,2.4,False
math_grade5_2014,4,math,grade5,109,7.0,2.1,False
math_grade5_2014,5,math,grade5,109,7.0,2.1,False
math_grade5_2014,6,math,grade5,109,10.0,3.0,False
math_grade5_2014,7,math,grade5,109,63.0,10.0,True
math_grade5_2014,8,math,grade5,109,23.0,6.8999999999999995,False
math_grade5_2014,9,math,grade5,109,18.0,5.3999999999999995,False
math_grade5_2014,10,math,grade5,109,29.0,8.7,False
math_grade5_2014,11,math,grade5,109,22.0,6.6,False
math_grade5_2014,12,math,grade5,109,10.0,3.0,False
math_grade5_2014,13,math,grade5,109,14.0,4.2,False
math_grade5_2014,14,math,grade5,109,26.0,7.8,False
math_grade5_2014,15,math,grade5,109,42.0,10.0,True
math_grade5_2014,16,math,grade5,109,54.0,10.0,True
math_grade5_2014,17,math,grade5,109,23.0,6.8999999999999995,False
math_grade5_2014,18,math,grade5,109,14.0,4.2,False
math_grade5_2014,19,math,grade5,109,9.0,2.6999999999999997,False
math_grade5_2014,20,math,grade5,109,20.0,6.0,False
math_grade5_2014,21,math,grade5,109,8.0,2.4,False
math_grade5_2014,22,math,grade5,109,8.0,2.4,False
math_grade5_2014,23,math,grade5,109,15.0,4.5,False
math_grade5_2014,24,math,grade5,109,18.0,5.3999999999999995,False
math_grade5_2014,25,math,grade5,109,7.0,2.1,False
math_grade5_2014,26,math,grade5,109,18.0,5.3999999999999995,False
math_grade5_2014,27,math,grade5,109,12.0,3.5999999999999996,False
math_grade5_2014,28,math,grade5,109,11.0,3.3,False
math_grade5_2014,29,math,grade5,109,6.0,1.7999999999999998,False
math_grade5_2014,30,math,grade5,109,7.0,2.1,False
math_grade5_2014,31,math,grade5,109,11.0,3.3,False
math_grade5_2014,32,math,grade5,109,12.0,3.5999999999999996,False
math_grade5_2014,33,math,grade5,109,19.0,5.7,False
math_grade5_2014,34,math,grade5,109,15.0,4.5,False
math_grade5_2014,35,math,grade5,109,18.0,5.3999999999999995,False
math_grade5_2014,36,math,grade5,109,26.0,7.8,False
math_grade5_2014,37,math,grade5,109,14.0,4.2,False
math_grade5_2014,38,math,grade5,109,14.0,4.2,False
math_grade5_2014,39,math,grade5,109,15.0,4.5,False
math_grade5_2014,40,math,grade5,109,14.0,4.2,False
math_grade5_2014,41,math,grade5,109,18.0,5.3999999999999995,False
math_grade5_2014,42,math,grade5,109,20.0,6.0,False
math_grade5_2014,43,math,grade5,109,11.0,3.3,False
math_grade5_2014,44,math,grade5,109,17.0,5.1,False
math_grade5_2014,45,math,grade5,109,14.0,4.2,False
math_grade5_2014,46,math,grade5,109,48.0,10.0,True
math_grade5_2014,47,math,grade5,109,13.0,3.9,False
math_grade5_2014,48,math,grade5,109,13.0,3.9,False
math_grade5_2014,49,math,grade5,109,8.0,2.4,False
math_grade5_2014,50,math,grade5,109,11.0,3.3,False
math_grade5_practice_2023,1,math,grade5,762,5.0,1.5,False
math_grade5_practice_2023,2,math,grade5,762,4.0,1.2,False
math_grade5_practice_2023,3,math,grade5,762,5.0,1.5,False
math_grade5_practice_2023,4,math,grade5,762,6.0,1.7999999999999998,False
math_grade5_practice_2023,5,math,grade5,762,5.0,1.5,False
math_grade5_practice_2023,6,math,grade5,762,4.0,1.2,False
math_grade5_practice_2023,7,math,grade5,762,6.0,1.7999999999999998,False
math_grade5_practice_2023,8,math,grade5,762,8.0,2.4,False
math_grade5_practice_2023,9,math,grade5,762,7.0,2.1,False
math_grade5_practice_2023,10,math,grade5,762,7.0,2.1,False
math_grade5_practice_2023,11,math,grade5,762,5.0,1.5,False
math_grade5_practice_2023,12,math,grade5,762,4.0,1.2,False
math_grade5_practice_2023,13,math,grade5,762,5.0,1.5,False
math_grade5_practice_2023,14,math,grade5,762,6.0,1.7999999999999998,False
math_grade5_practice_2023,15,math,grade5,762,4.0,1.2,False
math_grade5_practice_2023,16,math,grade5,762,5.0,1.5,False
math_grade5_practice_2023,17,math,grade5,762,6.0,1.7999999999999998,False
math_grade5_practice_2023,18,math,grade5,762,10.0,3.0,False
math_grade5_practice_2023,19,math,grade5,762,7.0,2.1,False
math_grade5_practice_2023,20,math,grade5,762,7.0,2.1,False
math_grade5_practice_2023,21,math,grade5,762,8.0,2.4,False
math_grade5_practice_2023,22,math,grade5,762,7.0,2.1,False
math_grade5_practice_2023,23,math,grade5,762,8.0,2.4,False
math_grade5_practice_2023,24,math,grade5,762,6.0,1.7999999999999998,False
math_grade6_2014,1,math,grade6,146,8.0,2.4,False
math_grade6_2014,2,math,grade6,146,4.0,1.2,False
math_grade6_2014,3,math,grade6,146,17.0,5.1,False
math_grade6_2014,4,math,grade6,146,7.5,2.25,False
math_grade6_2014,5,math,grade6,146,7.0,2.1,False
math_grade6_2014,6,math,grade6,146,6.0,1.7999999999999998,False
math_grade6_2014,7,math,grade6,146,8.0,2.4,False
math_grade6_2014,8,math,grade6,146,7.0,2.1,False
math_grade6_2014,9,math,grade6,146,4.0,1.2,False
math_grade6_2014,10,math,grade6,146,5.0,1.5,False
math_grade6_2014,11,math,grade6,146,9.0,2.6999999999999997,False
math_grade6_2014,12,math,grade6,146,10.0,3.0,False
math_grade6_2014,13,math,grade6,146,9.0,2.6999999999999997,False
math_grade6_2014,14,math,grade6,146,7.5,2.25,False
math_grade6_2014,15,math,grade6,146,8.5,2.55,False
math_grade6_2014,16,math,grade6,146,10.0,3.0,False
math_grade6_2014,17,math,grade6,146,12.0,3.5999999999999996,False
math_grade6_2014,18,math,grade6,146,12.5,3.75,False
math_grade6_2014,19,math,grade6,146,24.5,7.35,False
math_grade6_2014,20,math,grade6,146,13.0,3.9,False
math_grade6_2014,21,math,grade6,146,10.0,3.0,False
math_grade6_2014,22,math,grade6,146,9.0,2.6999999999999997,False
math_grade6_2014,23,math,grade6,146,15.0,4.5,False
math_grade6_2014,24,math,grade6,146,9.0,2.6999999999999997,False
math_grade6_2014,25,math,grade6,146,9.0,2.6999999999999997,False
math_grade6_2014,26,math,grade6,146,6.0,1.7999999999999998,False
math_grade6_2014,27,math,grade6,146,12.0,3.5999999999999996,False
math_grade6_2014,28,math,grade6,146,14.5,4.35,False
math_grade6_2014,29,math,grade6,146,19.0,5.7,False
math_grade6_2014,30,math,grade6,146,8.0,2.4,False
math_grade6_2014,31,math,grade6,146,29.0,8.7,False
math_grade6_2014,32,math,grade6,146,24.5,7.35,False
math_grade6_2014,33,math,grade6,146,18.0,5.3999999999999995,False
math_grade6_2014,34,math,grade6,146,15.0,4.5,False
math_grade6_2014,35,math,grade6,146,22.0,6.6,False
math_grade6_2014,36,math,grade6,146,18.0,5.3999999999999995,False
math_grade6_2014,37,math,grade6,146,23.0,6.8999999999999995,False
math_grade6_2014,38,math,grade6,146,24.5,7.35,False
math_grade6_2014,39,math,grade6,146,12.5,3.75,False
math_grade6_2014,40,math,grade6,146,12.5,3.75,False
math_grade6_2014,41,math,grade6,146,11.5,3.4499999999999997,False
math_grade6_2014,42,math,grade6,146,16.5,4.95,False
math_grade6_2014,43,math,grade6,146,11.0,3.3,False
math_grade6_2014,44,math,grade6,146,10.0,3.0,False
math_grade6_2014,45,math,grade6,146,17.5,5.25,False
math_grade6_2014,46,math,grade6,146,13.0,3.9,False
math_grade6_2014,47,math,grade6,146,6.0,1.7999999999999998,False
math_grade6_2014,48,math,grade6,146,9.0,2.6999999999999997,False
math_grade6_2014,49,math,grade6,146,27.0,8.1,False
math_grade6_2014,50,math,grade6,146,10.0,3.0,False
math_grade6_practice_2023,1,math,grade6,301,5.0,1.5,False
math_grade6_practice_2023,2,math,grade6,301,4.0,1.2,False
math_grade6_practice_2023,3,math,grade6,301,4.0,1.2,False
math_grade6_practice_2023,4,math,grade6,301,5.0,1.5,False
math_grade6_practice_2023,5,math,grade6,301,3.0,0.8999999999999999,False
math_grade6_practice_2023,6,math,grade6,301,4.0,1.2,False
math_grade6_practice_2023,7,math,grade6,301,3.0,0.8999999999999999,False
math_grade6_practice_2023,8,math,grade6,301,5.0,1.5,False
math_grade6_practice_2023,9,math,grade6,301,5.0,1.5,False
math_grade6_practice_2023,10,math,grade6,301,5.0,1.5,False
math_grade6_practice_2023,11,math,grade6,301,4.0,1.2,False
math_grade6_practice_2023,12,math,grade6,301,4.0,1.2,False
math_grade6_practice_2023,13,math,grade6,301,5.0,1.5,False
math_grade6_practice_2023,14,math,grade6,301,5.0,1.5,False
math_grade6_practice_2023,15,math,grade6,301,7.0,2.1,False
math_grade6_practice_2023,16,math,grade6,301,6.0,1.7999999999999998,False
math_grade6_practice_2023,17,math,grade6,301,6.0,1.7999999999999998,False
math_grade6_practice_2023,18,math,grade6,301,5.0,1.5,False
math_grade6_practice_2023,19,math,grade6,301,10.0,3.0,False
math_grade6_practice_2023,20,math,grade6,301,7.0,2.1,False
math_grade6_practice_2023,21,math,grade6,301,5.0,1.5,False
math_grade6_practice_2023,22,math,grade6,301,6.0,1.7999999999999998,False
math_grade6_practice_2023,23,math,grade6,301,6.0,1.7999999999999998,False
math_grade7_2014,1,math,grade7,98,18.0,5.3999999999999995,False
math_grade7_2014,2,math,grade7,98,5.0,1.5,False
math_grade7_2014,3,math,grade7,98,14.5,4.35,False
math_grade7_2014,4,math,grade7,98,27.0,8.1,False
math_grade7_2014,5,math,grade7,98,31.5,9.45,False
math_grade7_2014,6,math,grade7,98,36.5,10.0,True
math_grade7_2014,7,math,grade7,98,6.0,1.7999999999999998,False
math_grade7_2014,8,math,grade7,98,22.0,6.6,False
math_grade7_2014,9,math,grade7,98,26.0,7.8,False
math_grade7_2014,10,math,grade7,98,29.0,8.7,False
math_grade7_2014,11,math,grade7,98,19.0,5.7,False
math_grade7_2014,12,math,grade7,98,6.0,1.7999999999999998,False
math_grade7_2014,13,math,grade7,98,14.5,4.35,False
math_grade7_2014,14,math,grade7,98,18.0,5.3999999999999995,False
math_grade7_2014,15,math,grade7,98,23.0,6.8999999999999995,False
math_grade7_2014,16,math,grade7,98,6.0,1.7999999999999998,False
math_grade7_2014,17,math,grade7,98,27.0,8.1,False
math_grade7_2014,18,math,grade7,98,10.0,3.0,False
math_grade7_2014,19,math,grade7,98,40.0,10.0,True
math_grade7_2014,20,math,grade7,98,29.5,8.85,False
math_grade7_2014,21,math,grade7,98,35.5,10.0,True
math_grade7_2014,22,math,grade7,98,25.5,7.6499999999999995,False
math_grade7_2014,23,math,grade7,98,6.5,1.95,False
math_grade7_2014,24,math,grade7,98,14.5,4.35,False
math_grade7_2014,25,math,grade7,98,47.5,10.0,True
math_grade7_2014,26,math,grade7,98,18.0,5.3999999999999995,False
math_grade7_2014,27,math,grade7,98,33.5,10.0,True
math_grade7_2014,28,math,grade7,98,32.0,9.6,False
math_grade7_2014,29,math,grade7,98,37.0,10.0,True
math_grade7_2014,30,math,grade7,98,52.0,10.0,True
math_grade7_2014,31,math,grade7,98,35.0,10.0,True
math_grade7_2014,32,math,grade7,98,37.5,10.0,True
math_grade7_2014,33,math,grade7,98,27.0,8.1,False
math_grade7_2014,34,math,grade7,98,31.5,9.45,False
math_grade7_2014,35,math,grade7,98,17.5,5.25,False
math_grade7_2014,36,math,grade7,98,18.5,5.55,False
math_grade7_2014,37,math,grade7,98,19.5,5.85,False
math_grade7_2014,38,math,grade7,98,23.5,7.05,False
math_grade7_2014,39,math,grade7,98,45.5,10.0,True
math_grade7_2014,40,math,grade7,98,26.0,7.8,False
math_grade7_2014,41,math,grade7,98,35.0,10.0,True
math_grade7_2014,42,math,grade7,98,27.0,8.1,False
math_grade7_2014,43,math,grade7,98,11.5,3.4499999999999997,False
math_grade7_2014,44,math,grade7,98,20.5,6.1499999999999995,False
math_grade7_2014,45,math,grade7,98,23.0,6.8999999999999995,False
math_grade7_2014,46,math,grade7,98,23.5,7.05,False
math_grade7_2014,47,math,grade7,98,21.5,6.45,False
math_grade7_2014,48,math,grade7,98,36.5,10.0,True
math_grade7_2014,49,math,grade7,98,17.0,5.1,False
math_grade7_2014,50,math,grade7,98,16.0,4.8,False
math_grade7_practice_2023,1,math,grade7,165,3.0,0.8999999999999999,False
math_grade7_practice_2023,2,math,grade7,165,3.0,0.8999999999999999,False
math_grade7_practice_2023,3,math,grade7,165,3.0,0.8999999999999999,False
math_grade7_practice_2023,4,math,grade7,165,4.0,1.2,False
math_grade7_practice_2023,5,math,grade7,165,3.0,0.8999999999999999,False
math_grade7_practice_2023,6,math,grade7,165,3.0,0.8999999999999999,False
math_grade7_practice_2023,7,math,grade7,165,4.0,1.2,False
math_grade7_practice_2023,8,math,grade7,165,5.0,1.5,False
math_grade7_practice_2023,9,math,grade7,165,4.0,1.2,False
math_grade7_practice_2023,10,math,grade7,165,5.0,1.5,False
math_grade7_practice_2023,11,math,grade7,165,5.0,1.5,False
math_grade7_practice_2023,12,math,grade7,165,6.0,1.7999999999999998,False
math_grade7_practice_2023,13,math,grade7,165,5.0,1.5,False
math_grade7_practice_2023,14,math,grade7,165,5.0,1.5,False
math_grade7_practice_2023,15,math,grade7,165,4.0,1.2,False
math_grade7_practice_2023,16,math,grade7,165,5.0,1.5,False
math_grade7_practice_2023,17,math,grade7,165,5.0,1.5,False
math_grade7_practice_2023,18,math,grade7,165,3.0,0.8999999999999999,False
math_grade7_practice_2023,19,math,grade7,165,3.0,0.8999999999999999,False
math_grade7_practice_2023,20,math,grade7,165,5.0,1.5,False
math_grade7_practice_2023,21,math,grade7,165,5.0,1.5,False
math_grade7_practice_2023,22,math,grade7,165,4.0,1.2,False
math_grade8_2014,1,math,grade8,21,33.0,9.9,False
math_grade8_2014,2,math,grade8,21,14.0,4.2,False
math_grade8_2014,3,math,grade8,21,28.0,8.4,False
math_grade8_2014,4,math,grade8,21,64.0,10.0,True
math_grade8_2014,5,math,grade8,21,18.0,5.3999999999999995,False
math_grade8_2014,6,math,grade8,21,30.0,9.0,False
math_grade8_2014,7,math,grade8,21,40.0,10.0,True
math_grade8_2014,8,math,grade8,21,33.0,9.9,False
math_grade8_2014,9,math,grade8,21,39.0,10.0,True
math_grade8_2014,10,math,grade8,21,33.0,9.9,False
math_grade8_2014,11,math,grade8,21,46.0,10.0,True
math_grade8_2014,12,math,grade8,21,14.0,4.2,False
math_grade8_2014,13,math,grade8,21,9.0,2.6999999999999997,False
math_grade8_2014,14,math,grade8,21,29.0,8.7,False
math_grade8_2014,15,math,grade8,21,16.0,4.8,False
math_grade8_2014,16,math,grade8,21,30.0,9.0,False
math_grade8_2014,17,math,grade8,21,14.0,4.2,False
math_grade8_2014,18,math,grade8,21,21.0,6.3,False
math_grade8_2014,19,math,grade8,21,53.0,10.0,True
math_grade8_2014,20,math,grade8,21,22.0,6.6,False
math_grade8_2014,21,math,grade8,21,21.0,6.3,False
math_grade8_2014,22,math,grade8,21,11.0,3.3,False
math_grade8_2014,23,math,grade8,21,10.0,3.0,False
math_grade8_2014,24,math,grade8,21,30.0,9.0,False
math_grade8_2014,25,math,grade8,21,24.0,7.199999999999999,False
math_grade8_2014,26,math,grade8,21,96.0,10.0,True
math_grade8_2014,27,math,grade8,21,13.0,3.9,False
math_grade8_2014,28,math,grade8,21,65.0,10.0,True
math_grade8_2014,29,math,grade8,21,23.0,6.8999999999999995,False
math_grade8_2014,30,math,grade8,21,21.0,6.3,False
math_grade8_2014,31,math,grade8,21,18.0,5.3999999999999995,False
math_grade8_2014,32,math,grade8,21,59.0,10.0,True
math_grade8_2014,33,math,grade8,21,58.0,10.0,True
math_grade8_2014,34,math,grade8,21,14.0,4.2,False
math_grade8_2014,35,math,grade8,21,10.0,3.0,False
math_grade8_2014,36,math,grade8,21,30.0,9.0,False
math_grade8_2014,37,math,grade8,21,32.0,9.6,False
math_grade8_2014,38,math,grade8,21,6.0,1.7999999999999998,False
math_grade8_2014,39,math,grade8,21,43.0,10.0,True
math_grade8_2014,40,math,grade8,21,19.0,5.7,False
math_grade8_2014,41,math,grade8,21,16.0,4.8,False
math_grade8_2014,42,math,grade8,21,15.0,4.5,False
math_grade8_2014,43,math,grade8,21,20.0,6.0,False
math_grade8_2014,44,math,grade8,21,18.0,5.3999999999999995,False
math_grade8_2014,45,math,grade8,21,20.0,6.0,False
math_grade8_2014,46,math,grade8,21,14.0,4.2,False
math_grade8_2014,47,math,grade8,21,15.0,4.5,False
math_grade8_2014,48,math,grade8,21,16.0,4.8,False
math_grade8_2014,49,math,grade8,21,40.0,10.0,True
math_grade8_2014,50,math,grade8,21,28.0,8.4,False
math_grade8_practice_2023,1,math,grade8,132,9.5,2.85,False
math_grade8_practice_2023,2,math,grade8,132,7.0,2.1,False
math_grade8_practice_2023,3,math,grade8,132,6.0,1.7999999999999998,False
math_grade8_practice_2023,4,math,grade8,132,8.5,2.55,False
math_grade8_practice_2023,5,math,grade8,132,7.0,2.1,False
math_grade8_practice_2023,6,math,grade8,132,8.5,2.55,False
math_grade8_practice_2023,7,math,grade8,132,11.0,3.3,False
math_grade8_practice_2023,8,math,grade8,132,12.0,3.5999999999999996,False
math_grade8_practice_2023,9,math,grade8,132,13.0,3.9,False
math_grade8_practice_2023,10,math,grade8,132,8.5,2.55,False
math_grade8_practice_2023,11,math,grade8,132,14.0,4.2,False
math_grade8_practice_2023,12,math,grade8,132,8.5,2.55,False
math_grade8_practice_2023,13,math,grade8,132,10.5,3.15,False
math_grade8_practice_2023,14,math,grade8,132,12.0,3.5999999999999996,False
math_grade8_practice_2023,15,math,grade8,132,12.0,3.5999999999999996,False
math_grade8_practice_2023,16,math,grade8,132,14.0,4.2,False
math_grade8_practice_2023,17,math,grade8,132,12.5,3.75,False
math_grade8_practice_2023,18,math,grade8,132,6.0,1.7999999999999998,False
math_grade8_practice_2023,19,math,grade8,132,10.0,3.0,False
math_grade8_practice_2023,20,math,grade8,132,7.0,2.1,False
math_grade8_practice_2023,21,math,grade8,132,6.0,1.7999999999999998,False
math_grade8_practice_2023,22,math,grade8,132,6.0,1.7999999999999998,False
math_grade8_practice_2023,23,math,grade8,132,6.0,1.7999999999999998,False
math_grade8_practice_2023,24,math,grade8,132,7.5,2.25,False
math_grade8_practice_2023,25,math,grade8,132,6.5,1.95,False
math_grade8_practice_2023,26,math,grade8,132,7.0,2.1,False
math_grade8_practice_2023,27,math,grade8,132,7.0,2.1,False
math_grade8_practice_2023,28,math,grade8,132,5.0,1.5,False
reading_endofcourse_2015,1,reading,endofcourse,3,5.0,1.5,False
reading_endofcourse_2015,2,reading,endofcourse,3,8.0,2.4,False
reading_endofcourse_2015,3,reading,endofcourse,3,30.0,9.0,False
reading_endofcourse_2015,4,reading,endofcourse,3,18.0,5.3999999999999995,False
reading_endofcourse_2015,5,reading,endofcourse,3,18.0,5.3999999999999995,False
reading_endofcourse_2015,6,reading,endofcourse,3,5.0,1.5,False
reading_endofcourse_2015,7,reading,endofcourse,3,64.0,10.0,True
reading_endofcourse_2015,8,reading,endofcourse,3,5.0,1.5,False
reading_endofcourse_2015,9,reading,endofcourse,3,19.0,5.7,False
reading_endofcourse_2015,10,reading,endofcourse,3,5.0,1.5,False
reading_endofcourse_2015,11,reading,endofcourse,3,7.0,2.1,False
reading_endofcourse_2015,12,reading,endofcourse,3,7.0,2.1,False
reading_endofcourse_2015,13,reading,endofcourse,3,7.0,2.1,False
reading_endofcourse_2015,14,reading,endofcourse,3,4.0,1.2,False
reading_endofcourse_2015,15,reading,endofcourse,3,10.0,3.0,False
reading_endofcourse_2015,16,reading,endofcourse,3,52.0,10.0,True
reading_endofcourse_2015,17,reading,endofcourse,3,16.0,4.8,False
reading_endofcourse_2015,18,reading,endofcourse,3,9.0,2.6999999999999997,False
reading_endofcourse_2015,19,reading,endofcourse,3,38.0,10.0,True
reading_endofcourse_2015,20,reading,endofcourse,3,11.0,3.3,False
reading_endofcourse_2015,21,reading,endofcourse,3,17.0,5.1,False
reading_endofcourse_2015,22,reading,endofcourse,3,10.0,3.0,False
reading_endofcourse_2015,23,reading,endofcourse,3,16.0,4.8,False
reading_endofcourse_2015,24,reading,endofcourse,3,12.0,3.5999999999999996,False
reading_endofcourse_2015,25,reading,endofcourse,3,13.0,3.9,False
reading_endofcourse_2015,26,reading,endofcourse,3,16.0,4.8,False
reading_endofcourse_2015,27,reading,endofcourse,3,14.0,4.2,False
reading_endofcourse_2015,28,reading,endofcourse,3,11.0,3.3,False
reading_endofcourse_2015,29,reading,endofcourse,3,20.0,6.0,False
reading_endofcourse_2015,30,reading,endofcourse,3,9.0,2.6999999999999997,False
reading_endofcourse_2015,31,reading,endofcourse,3,14.0,4.2,False
reading_endofcourse_2015,32,reading,endofcourse,3,11.0,3.3,False
reading_endofcourse_2015,33,reading,endofcourse,3,33.0,9.9,False
reading_endofcourse_2015,34,reading,endofcourse,3,27.0,8.1,False
reading_endofcourse_2015,35,reading,endofcourse,3,15.0,4.5,False
reading_endofcourse_2015,36,reading,endofcourse,3,6.0,1.7999999999999998,False
reading_endofcourse_2015,37,reading,endofcourse,3,11.0,3.3,False
reading_endofcourse_2015,38,reading,endofcourse,3,14.0,4.2,False
reading_endofcourse_2015,39,reading,endofcourse,3,6.0,1.7999999999999998,False
reading_endofcourse_2015,40,reading,endofcourse,3,7.0,2.1,False
reading_endofcourse_2015,41,reading,endofcourse,3,8.0,2.4,False
reading_endofcourse_2015,42,reading,endofcourse,3,33.0,9.9,False
reading_endofcourse_2015,43,reading,endofcourse,3,18.0,5.3999999999999995,False
reading_endofcourse_2015,44,reading,endofcourse,3,14.0,4.2,False
reading_endofcourse_2015,45,reading,endofcourse,3,20.0,6.0,False
reading_endofcourse_2015,46,reading,endofcourse,3,11.0,3.3,False
reading_endofcourse_2015,47,reading,endofcourse,3,15.0,4.5,False
reading_endofcourse_2015,48,reading,endofcourse,3,9.0,2.6999999999999997,False
reading_endofcourse_2015,49,reading,endofcourse,3,18.0,5.3999999999999995,False
reading_endofcourse_2015,50,reading,endofcourse,3,17.0,5.1,False
reading_endofcourse_2015,51,reading,endofcourse,3,44.0,10.0,True
reading_endofcourse_2015,52,reading,endofcourse,3,12.0,3.5999999999999996,False
reading_endofcourse_2015,53,reading,endofcourse,3,9.0,2.6999999999999997,False
reading_endofcourse_2015,54,reading,endofcourse,3,9.0,2.6999999999999997,False
reading_endofcourse_practice_2024,1,reading,endofcourse,377,18.0,5.3999999999999995,False
reading_endofcourse_practice_2024,2,reading,endofcourse,377,11.0,3.3,False
reading_endofcourse_practice_2024,3,reading,endofcourse,377,14.0,4.2,False
reading_endofcourse_practice_2024,4,reading,endofcourse,377,7.0,2.1,False
reading_endofcourse_practice_2024,5,reading,endofcourse,377,16.0,4.8,False
reading_endofcourse_practice_2024,6,reading,endofcourse,377,23.0,6.8999999999999995,False
reading_endofcourse_practice_2024,7,reading,endofcourse,377,13.0,3.9,False
reading_endofcourse_practice_2024,8,reading,endofcourse,377,17.0,5.1,False
reading_endofcourse_practice_2024,9,reading,endofcourse,377,12.0,3.5999999999999996,False
reading_endofcourse_practice_2024,10,reading,endofcourse,377,9.0,2.6999999999999997,False
reading_endofcourse_practice_2024,11,reading,endofcourse,377,14.0,4.2,False
reading_endofcourse_practice_2024,12,reading,endofcourse,377,19.0,5.7,False
reading_endofcourse_practice_2024,13,reading,endofcourse,377,14.0,4.2,False
reading_endofcourse_practice_2024,14,reading,endofcourse,377,11.0,3.3,False
reading_endofcourse_practice_2024,15,reading,endofcourse,377,30.0,9.0,False
reading_endofcourse_practice_2024,16,reading,endofcourse,377,22.0,6.6,False
reading_endofcourse_practice_2024,17,reading,endofcourse,377,15.0,4.5,False
reading_endofcourse_practice_2024,18,reading,endofcourse,377,18.0,5.3999999999999995,False
reading_endofcourse_practice_2024,19,reading,endofcourse,377,12.0,3.5999999999999996,False
reading_endofcourse_practice_2024,20,reading,endofcourse,377,15.0,4.5,False
reading_endofcourse_practice_2024,21,reading,endofcourse,377,13.0,3.9,False
reading_endofcourse_practice_2024,22,reading,endofcourse,377,16.0,4.8,False
reading_endofcourse_practice_2024,23,reading,endofcourse,377,14.0,4.2,False
reading_endofcourse_practice_2024,24,reading,endofcourse,306,19.0,5.7,False
reading_endofcourse_practice_2024,25,reading,endofcourse,306,14.0,4.2,False
reading_endofcourse_practice_2024,26,reading,endofcourse,306,18.0,5.3999999999999995,False
reading_endofcourse_practice_2024,27,reading,endofcourse,306,16.0,4.8,False
reading_endofcourse_practice_2024,28,reading,endofcourse,306,11.0,3.3,False
reading_endofcourse_practice_2024,29,reading,endofcourse,306,11.0,3.3,False
reading_grade3_2015,1,reading,grade3,127,17.0,5.1,False
reading_grade3_2015,2,reading,grade3,127,8.0,2.4,False
reading_grade3_2015,3,reading,grade3,127,16.0,4.8,False
reading_grade3_2015,4,reading,grade3,127,12.0,3.5999999999999996,False
reading_grade3_2015,5,reading,grade3,127,8.0,2.4,False
reading_grade3_2015,6,reading,grade3,127,9.0,2.6999999999999997,False
reading_grade3_2015,7,reading,grade3,127,7.0,2.1,False
reading_grade3_2015,8,reading,grade3,127,28.0,8.4,False
reading_grade3_2015,9,reading,grade3,127,11.0,3.3,False
reading_grade3_2015,10,reading,grade3,127,13.0,3.9,False
reading_grade3_2015,11,reading,grade3,127,13.0,3.9,False
reading_grade3_2015,12,reading,grade3,127,22.0,6.6,False
reading_grade3_2015,13,reading,grade3,127,18.0,5.3999999999999995,False
reading_grade3_2015,14,reading,grade3,127,13.0,3.9,False
reading_grade3_2015,15,reading,grade3,127,9.0,2.6999999999999997,False
reading_grade3_2015,16,reading,grade3,127,14.0,4.2,False
reading_grade3_2015,17,reading,grade3,127,17.0,5.1,False
reading_grade3_2015,18,reading,grade3,127,17.0,5.1,False
reading_grade3_2015,19,reading,grade3,127,17.0,5.1,False
reading_grade3_2015,20,reading,grade3,127,18.0,5.3999999999999995,False
reading_grade3_2015,21,reading,grade3,127,31.0,9.299999999999999,False
reading_grade3_2015,22,reading,grade3,127,20.0,6.0,False
reading_grade3_2015,23,reading,grade3,127,22.0,6.6,False
reading_grade3_2015,24,reading,grade3,127,9.0,2.6999999999999997,False
reading_grade3_2015,25,reading,grade3,127,10.0,3.0,False
reading_grade3_2015,26,reading,grade3,127,15.0,4.5,False
reading_grade3_2015,27,reading,grade3,127,17.0,5.1,False
reading_grade3_2015,28,reading,grade3,127,70.0,10.0,True
reading_grade3_2015,29,reading,grade3,127,43.0,10.0,True
reading_grade3_2015,30,reading,grade3,127,17.0,5.1,False
reading_grade3_2015,31,reading,grade3,127,26.0,7.8,False
reading_grade3_2015,32,reading,grade3,127,21.0,6.3,False
reading_grade3_2015,33,reading,grade3,127,14.0,4.2,False
reading_grade3_2015,34,reading,grade3,127,18.0,5.3999999999999995,False
reading_grade3_2015,35,reading,grade3,127,21.0,6.3,False
reading_grade3_2015,36,reading,grade3,127,14.0,4.2,False
reading_grade3_2015,37,reading,grade3,127,19.0,5.7,False
reading_grade3_2015,38,reading,grade3,127,16.0,4.8,False
reading_grade3_2015,39,reading,grade3,127,16.0,4.8,False
reading_grade3_2015,40,reading,grade3,127,16.0,4.8,False
reading_grade4_2015,1,reading,grade4,153,14.0,4.2,False
reading_grade4_2015,2,reading,grade4,153,6.0,1.7999999999999998,False
reading_grade4_2015,3,reading,grade4,153,7.0,2.1,False
reading_grade4_2015,4,reading,grade4,153,8.0,2.4,False
reading_grade4_2015,5,reading,grade4,153,7.0,2.1,False
reading_grade4_2015,6,reading,grade4,153,9.0,2.6999999999999997,False
reading_grade4_2015,7,reading,grade4,153,8.0,2.4,False
reading_grade4_2015,8,reading,grade4,153,5.0,1.5,False
reading_grade4_2015,9,reading,grade4,153,9.0,2.6999999999999997,False
reading_grade4_2015,10,reading,grade4,153,9.0,2.6999999999999997,False
reading_grade4_2015,11,reading,grade4,153,7.0,2.1,False
reading_grade4_2015,12,reading,grade4,153,5.0,1.5,False
reading_grade4_2015,13,reading,grade4,153,8.0,2.4,False
reading_grade4_2015,14,reading,grade4,153,7.0,2.1,False
reading_grade4_2015,15,reading,grade4,153,9.0,2.6999999999999997,False
reading_grade4_2015,16,reading,grade4,153,6.0,1.7999999999999998,False
reading_grade4_2015,17,reading,grade4,153,7.0,2.1,False
reading_grade4_2015,18,reading,grade4,153,6.0,1.7999999999999998,False
reading_grade4_2015,19,reading,grade4,153,6.0,1.7999999999999998,False
reading_grade4_2015,20,reading,grade4,153,8.0,2.4,False
reading_grade4_2015,21,reading,grade4,153,8.0,2.4,False
reading_grade4_2015,22,reading,grade4,153,6.0,1.7999999999999998,False
reading_grade4_2015,23,reading,grade4,153,8.0,2.4,False
reading_grade4_2015,24,reading,grade4,153,7.0,2.1,False
reading_grade4_2015,25,reading,grade4,153,12.0,3.5999999999999996,False
reading_grade4_2015,26,reading,grade4,153,6.0,1.7999999999999998,False
reading_grade4_2015,27,reading,grade4,153,7.0,2.1,False
reading_grade4_2015,28,reading,grade4,153,10.0,3.0,False
reading_grade4_2015,29,reading,grade4,153,7.0,2.1,False
reading_grade4_2015,30,reading,grade4,153,9.0,2.6999999999999997,False
reading_grade4_2015,31,reading,grade4,153,9.0,2.6999999999999997,False
reading_grade4_2015,32,reading,grade4,153,10.0,3.0,False
reading_grade4_2015,33,reading,grade4,153,5.0,1.5,False
reading_grade4_2015,34,reading,grade4,153,5.0,1.5,False
reading_grade4_2015,35,reading,grade4,153,7.0,2.1,False
reading_grade4_2015,36,reading,grade4,153,8.0,2.4,False
reading_grade4_2015,37,reading,grade4,153,10.0,3.0,False
reading_grade4_2015,38,reading,grade4,153,11.0,3.3,False
reading_grade4_2015,39,reading,grade4,153,9.0,2.6999999999999997,False
reading_grade4_2015,40,reading,grade4,153,6.0,1.7999999999999998,False
reading_grade4_practice_2024,1,reading,grade4,302,11.0,3.3,False
reading_grade4_practice_2024,2,reading,grade4,302,9.0,2.6999999999999997,False
reading_grade4_practice_2024,3,reading,grade4,302,9.5,2.85,False
reading_grade4_practice_2024,4,reading,grade4,302,8.0,2.4,False
reading_grade4_practice_2024,5,reading,grade4,302,7.5,2.25,False
reading_grade4_practice_2024,6,reading,grade4,302,7.0,2.1,False
reading_grade4_practice_2024,7,reading,grade4,302,12.0,3.5999999999999996,False
reading_grade4_practice_2024,8,reading,grade4,302,9.0,2.6999999999999997,False
reading_grade4_practice_2024,9,reading,grade4,302,8.0,2.4,False
reading_grade4_practice_2024,10,reading,grade4,302,10.0,3.0,False
reading_grade4_practice_2024,11,reading,grade4,302,7.0,2.1,False
reading_grade4_practice_2024,12,reading,grade4,302,11.5,3.4499999999999997,False
reading_grade4_practice_2024,13,reading,grade4,302,8.0,2.4,False
reading_grade4_practice_2024,14,reading,grade4,302,6.0,1.7999999999999998,False
reading_grade4_practice_2024,15,reading,grade4,302,6.0,1.7999999999999998,False
reading_grade4_practice_2024,16,reading,grade4,302,12.0,3.5999999999999996,False
reading_grade4_practice_2024,17,reading,grade4,302,7.0,2.1,False
reading_grade4_practice_2024,18,reading,grade4,302,9.0,2.6999999999999997,False
reading_grade4_practice_2024,19,reading,grade4,302,10.0,3.0,False
reading_grade4_practice_2024,20,reading,grade4,302,10.0,3.0,False
reading_grade4_practice_2024,21,reading,grade4,302,13.0,3.9,False
reading_grade4_practice_2024,22,reading,grade4,302,13.0,3.9,False
reading_grade4_practice_2024,23,reading,grade4,302,16.0,4.8,False
reading_grade4_practice_2024,24,reading,grade4,302,16.0,4.8,False
reading_grade4_practice_2024,25,reading,grade4,302,16.0,4.8,False
reading_grade4_practice_2024,26,reading,grade4,302,9.0,2.6999999999999997,False
reading_grade4_practice_2024,27,reading,grade4,302,12.5,3.75,False
reading_grade4_practice_2024,28,reading,grade4,302,12.0,3.5999999999999996,False
reading_grade4_practice_2024,29,reading,grade4,302,14.5,4.35,False
reading_grade4_practice_2024,30,reading,grade4,302,9.5,2.85,False
reading_grade4_practice_2024,31,reading,grade4,302,8.0,2.4,False
reading_grade4_practice_2024,32,reading,grade4,302,8.0,2.4,False
reading_grade4_practice_2024,33,reading,grade4,302,15.0,4.5,False
reading_grade4_practice_2024,34,reading,grade4,302,14.0,4.2,False
reading_grade4_practice_2024,35,reading,grade4,302,14.5,4.35,False
reading_grade4_practice_2024,36,reading,grade4,302,7.5,2.25,False
reading_grade4_practice_2024,37,reading,grade4,302,8.0,2.4,False
reading_grade4_practice_2024,38,reading,grade4,302,13.0,3.9,False
reading_grade4_practice_2024,39,reading,grade4,302,8.0,2.4,False
reading_grade4_practice_2024,40,reading,grade4,302,11.0,3.3,False
reading_grade4_practice_2024,41,reading,grade4,302,8.0,2.4,False
reading_grade4_practice_2024,42,reading,grade4,302,9.0,2.6999999999999997,False
reading_grade5_2015,1,reading,grade5,378,9.0,2.6999999999999997,False
reading_grade5_2015,2,reading,grade5,378,9.0,2.6999999999999997,False
reading_grade5_2015,3,reading,grade5,378,8.0,2.4,False
reading_grade5_2015,4,reading,grade5,378,11.0,3.3,False
reading_grade5_2015,5,reading,grade5,378,10.0,3.0,False
reading_grade5_2015,6,reading,grade5,378,9.0,2.6999999999999997,False
reading_grade5_2015,7,reading,grade5,378,12.0,3.5999999999999996,False
reading_grade5_2015,8,reading,grade5,378,9.5,2.85,False
reading_grade5_2015,9,reading,grade5,378,9.0,2.6999999999999997,False
reading_grade5_2015,10,reading,grade5,378,11.5,3.4499999999999997,False
reading_grade5_2015,11,reading,grade5,378,9.0,2.6999999999999997,False
reading_grade5_2015,12,reading,grade5,378,7.0,2.1,False
reading_grade5_2015,13,reading,grade5,378,15.0,4.5,False
reading_grade5_2015,14,reading,grade5,378,6.0,1.7999999999999998,False
reading_grade5_2015,15,reading,grade5,378,7.5,2.25,False
reading_grade5_2015,16,reading,grade5,378,8.0,2.4,False
reading_grade5_2015,17,reading,grade5,378,6.0,1.7999999999999998,False
reading_grade5_2015,18,reading,grade5,378,21.0,6.3,False
reading_grade5_2015,19,reading,grade5,378,14.0,4.2,False
reading_grade5_2015,20,reading,grade5,378,14.5,4.35,False
reading_grade5_2015,21,reading,grade5,378,20.5,6.1499999999999995,False
reading_grade5_2015,22,reading,grade5,378,22.0,6.6,False
reading_grade5_2015,23,reading,grade5,378,12.0,3.5999999999999996,False
reading_grade5_2015,24,reading,grade5,378,16.0,4.8,False
reading_grade5_2015,25,reading,grade5,378,15.0,4.5,False
reading_grade5_2015,26,reading,grade5,378,24.5,7.35,False
reading_grade5_2015,27,reading,grade5,378,19.0,5.7,False
reading_grade5_2015,28,reading,grade5,378,17.0,5.1,False
reading_grade5_2015,29,reading,grade5,378,12.0,3.5999999999999996,False
reading_grade5_2015,30,reading,grade5,378,20.0,6.0,False
reading_grade5_2015,31,reading,grade5,378,23.0,6.8999999999999995,False
reading_grade5_2015,32,reading,grade5,378,19.0,5.7,False
reading_grade5_2015,33,reading,grade5,378,12.0,3.5999999999999996,False
reading_grade5_2015,34,reading,grade5,378,7.0,2.1,False
reading_grade5_2015,35,reading,grade5,378,21.5,6.45,False
reading_grade5_2015,36,reading,grade5,378,17.0,5.1,False
reading_grade5_2015,37,reading,grade5,378,11.0,3.3,False
reading_grade5_2015,38,reading,grade5,378,21.0,6.3,False
reading_grade5_2015,39,reading,grade5,378,14.0,4.2,False
reading_grade5_2015,40,reading,grade5,378,9.0,2.6999999999999997,False
reading_grade5_practice_2024,1,reading,grade5,271,10.0,3.0,False
reading_grade5_practice_2024,2,reading,grade5,271,7.0,2.1,False
reading_grade5_practice_2024,3,reading,grade5,271,8.0,2.4,False
reading_grade5_practice_2024,4,reading,grade5,271,8.0,2.4,False
reading_grade5_practice_2024,5,reading,grade5,271,7.0,2.1,False
reading_grade5_practice_2024,6,reading,grade5,271,9.0,2.6999999999999997,False
reading_grade5_practice_2024,7,reading,grade5,271,9.0,2.6999999999999997,False
reading_grade5_practice_2024,8,reading,grade5,271,8.0,2.4,False
reading_grade5_practice_2024,9,reading,grade5,271,8.0,2.4,False
reading_grade5_practice_2024,10,reading,grade5,271,10.0,3.0,False
reading_grade5_practice_2024,11,reading,grade5,271,11.0,3.3,False
reading_grade5_practice_2024,12,reading,grade5,271,10.0,3.0,False
reading_grade5_practice_2024,13,reading,grade5,271,8.0,2.4,False
reading_grade5_practice_2024,14,reading,grade5,271,12.0,3.5999999999999996,False
reading_grade5_practice_2024,15,reading,grade5,271,8.0,2.4,False
reading_grade5_practice_2024,16,reading,grade5,271,9.0,2.6999999999999997,False
reading_grade5_practice_2024,17,reading,grade5,271,9.0,2.6999999999999997,False
reading_grade5_practice_2024,18,reading,grade5,271,8.0,2.4,False
reading_grade5_practice_2024,19,reading,grade5,271,9.0,2.6999999999999997,False
reading_grade5_practice_2024,20,reading,grade5,271,13.0,3.9,False
reading_grade5_practice_2024,21,reading,grade5,271,11.0,3.3,False
reading_grade5_practice_2024,22,reading,grade5,271,10.0,3.0,False
reading_grade5_practice_2024,23,reading,grade5,271,8.0,2.4,False
reading_grade5_practice_2024,24,reading,grade5,271,7.0,2.1,False
reading_grade5_practice_2024,25,reading,grade5,271,11.0,3.3,False
reading_grade5_practice_2024,26,reading,grade5,271,9.0,2.6999999999999997,False
reading_grade5_practice_2024,27,reading,grade5,271,9.0,2.6999999999999997,False
reading_grade5_practice_2024,28,reading,grade5,271,10.0,3.0,False
reading_grade5_practice_2024,29,reading,grade5,271,9.0,2.6999999999999997,False
reading_grade5_practice_2024,30,reading,grade5,271,11.0,3.3,False
reading_grade5_practice_2024,31,reading,grade5,271,7.0,2.1,False
reading_grade5_practice_2024,32,reading,grade5,271,10.0,3.0,False
reading_grade5_practice_2024,33,reading,grade5,271,10.0,3.0,False
reading_grade5_practice_2024,34,reading,grade5,271,10.0,3.0,False
reading_grade5_practice_2024,35,reading,grade5,271,8.0,2.4,False
reading_grade5_practice_2024,36,reading,grade5,271,8.0,2.4,False
reading_grade5_practice_2024,37,reading,grade5,271,9.0,2.6999999999999997,False
reading_grade5_practice_2024,38,reading,grade5,271,6.0,1.7999999999999998,False
reading_grade6_2015,1,reading,grade6,119,7.0,2.1,False
reading_grade6_2015,2,reading,grade6,119,5.0,1.5,False
reading_grade6_2015,3,reading,grade6,119,6.0,1.7999999999999998,False
reading_grade6_2015,4,reading,grade6,119,4.0,1.2,False
reading_grade6_2015,5,reading,grade6,119,4.0,1.2,False
reading_grade6_2015,6,reading,grade6,119,6.0,1.7999999999999998,False
reading_grade6_2015,7,reading,grade6,119,6.0,1.7999999999999998,False
reading_grade6_2015,8,reading,grade6,119,8.0,2.4,False
reading_grade6_2015,9,reading,grade6,119,6.0,1.7999999999999998,False
reading_grade6_2015,10,reading,grade6,119,6.0,1.7999999999999998,False
reading_grade6_2015,11,reading,grade6,119,7.0,2.1,False
reading_grade6_2015,12,reading,grade6,119,6.0,1.7999999999999998,False
reading_grade6_2015,13,reading,grade6,119,11.0,3.3,False
reading_grade6_2015,14,reading,grade6,119,6.0,1.7999999999999998,False
reading_grade6_2015,15,reading,grade6,119,7.0,2.1,False
reading_grade6_2015,16,reading,grade6,119,7.0,2.1,False
reading_grade6_2015,17,reading,grade6,119,7.0,2.1,False
reading_grade6_2015,18,reading,grade6,119,5.0,1.5,False
reading_grade6_2015,19,reading,grade6,119,8.0,2.4,False
reading_grade6_2015,20,reading,grade6,119,8.0,2.4,False
reading_grade6_2015,21,reading,grade6,119,6.0,1.7999999999999998,False
reading_grade6_2015,22,reading,grade6,119,6.0,1.7999999999999998,False
reading_grade6_2015,23,reading,grade6,119,5.0,1.5,False
reading_grade6_2015,24,reading,grade6,119,10.0,3.0,False
reading_grade6_2015,25,reading,grade6,119,5.0,1.5,False
reading_grade6_2015,26,reading,grade6,119,16.0,4.8,False
reading_grade6_2015,27,reading,grade6,119,11.0,3.3,False
reading_grade6_2015,28,reading,grade6,119,6.0,1.7999999999999998,False
reading_grade6_2015,29,reading,grade6,119,7.0,2.1,False
reading_grade6_2015,30,reading,grade6,119,10.0,3.0,False
reading_grade6_2015,31,reading,grade6,119,6.0,1.7999999999999998,False
reading_grade6_2015,32,reading,grade6,119,12.0,3.5999999999999996,False
reading_grade6_2015,33,reading,grade6,119,7.0,2.1,False
reading_grade6_2015,34,reading,grade6,119,12.0,3.5999999999999996,False
reading_grade6_2015,35,reading,grade6,119,5.0,1.5,False
reading_grade6_2015,36,reading,grade6,119,7.0,2.1,False
reading_grade6_2015,37,reading,grade6,119,8.0,2.4,False
reading_grade6_2015,38,reading,grade6,119,8.0,2.4,False
reading_grade6_2015,39,reading,grade6,119,10.0,3.0,False
reading_grade6_2015,40,reading,grade6,119,8.0,2.4,False
reading_grade6_2015,41,reading,grade6,119,12.0,3.5999999999999996,False
reading_grade6_2015,42,reading,grade6,119,8.0,2.4,False
reading_grade6_2015,43,reading,grade6,119,8.0,2.4,False
reading_grade6_2015,44,reading,grade6,119,7.0,2.1,False
reading_grade6_2015,45,reading,grade6,119,7.0,2.1,False
reading_grade6_practice_2024,1,reading,grade6,168,5.0,1.5,False
reading_grade6_practice_2024,2,reading,grade6,168,3.0,0.8999999999999999,False
reading_grade6_practice_2024,3,reading,grade6,168,4.5,1.3499999999999999,False
reading_grade6_practice_2024,4,reading,grade6,168,4.0,1.2,False
reading_grade6_practice_2024,5,reading,grade6,168,7.0,2.1,False
reading_grade6_practice_2024,6,reading,grade6,168,6.0,1.7999999999999998,False
reading_grade6_practice_2024,7,reading,grade6,168,6.0,1.7999999999999998,False
reading_grade6_practice_2024,8,reading,grade6,168,7.0,2.1,False
reading_grade6_practice_2024,9,reading,grade6,168,6.0,1.7999999999999998,False
reading_grade6_practice_2024,10,reading,grade6,168,6.0,1.7999999999999998,False
reading_grade6_practice_2024,11,reading,grade6,168,6.0,1.7999999999999998,False
reading_grade6_practice_2024,12,reading,grade6,168,7.0,2.1,False
reading_grade6_practice_2024,13,reading,grade6,168,9.0,2.6999999999999997,False
reading_grade6_practice_2024,14,reading,grade6,168,6.0,1.7999999999999998,False
reading_grade6_practice_2024,15,reading,grade6,168,11.0,3.3,False
reading_grade6_practice_2024,16,reading,grade6,168,9.0,2.6999999999999997,False
reading_grade6_practice_2024,17,reading,grade6,168,7.0,2.1,False
reading_grade6_practice_2024,18,reading,grade6,168,6.0,1.7999999999999998,False
reading_grade6_practice_2024,19,reading,grade6,168,4.5,1.3499999999999999,False
reading_grade6_practice_2024,20,reading,grade6,168,11.0,3.3,False
reading_grade6_practice_2024,21,reading,grade6,168,5.0,1.5,False
reading_grade6_practice_2024,22,reading,grade6,168,7.0,2.1,False
reading_grade6_practice_2024,23,reading,grade6,168,6.5,1.95,False
reading_grade6_practice_2024,24,reading,grade6,168,7.0,2.1,False
reading_grade6_practice_2024,25,reading,grade6,168,8.0,2.4,False
reading_grade6_practice_2024,26,reading,grade6,168,8.0,2.4,False
reading_grade6_practice_2024,27,reading,grade6,168,7.5,2.25,False
reading_grade6_practice_2024,28,reading,grade6,168,7.0,2.1,False
reading_grade6_practice_2024,29,reading,grade6,168,6.0,1.7999999999999998,False
reading_grade7_2015,1,reading,grade7,101,72.0,10.0,True
reading_grade7_2015,2,reading,grade7,101,13.0,3.9,False
reading_grade7_2015,3,reading,grade7,101,14.0,4.2,False
reading_grade7_2015,4,reading,grade7,101,25.0,7.5,False
reading_grade7_2015,5,reading,grade7,101,8.0,2.4,False
reading_grade7_2015,6,reading,grade7,101,21.0,6.3,False
reading_grade7_2015,7,reading,grade7,101,11.0,3.3,False
reading_grade7_2015,8,reading,grade7,101,32.0,9.6,False
reading_grade7_2015,9,reading,grade7,101,5.0,1.5,False
reading_grade7_2015,10,reading,grade7,101,12.0,3.5999999999999996,False
reading_grade7_2015,11,reading,grade7,101,12.0,3.5999999999999996,False
reading_grade7_2015,12,reading,grade7,101,24.0,7.199999999999999,False
reading_grade7_2015,13,reading,grade7,101,15.0,4.5,False
reading_grade7_2015,14,reading,grade7,101,14.0,4.2,False
reading_grade7_2015,15,reading,grade7,101,8.0,2.4,False
reading_grade7_2015,16,reading,grade7,101,18.0,5.3999999999999995,False
reading_grade7_2015,17,reading,grade7,101,21.0,6.3,False
reading_grade7_2015,18,reading,grade7,101,41.0,10.0,True
reading_grade7_2015,19,reading,grade7,101,10.0,3.0,False
reading_grade7_2015,20,reading,grade7,101,11.0,3.3,False
reading_grade7_2015,21,reading,grade7,101,19.0,5.7,False
reading_grade7_2015,22,reading,grade7,101,5.0,1.5,False
reading_grade7_2015,23,reading,grade7,101,8.0,2.4,False
reading_grade7_2015,24,reading,grade7,101,15.0,4.5,False
reading_grade7_2015,25,reading,grade7,101,35.0,10.0,True
reading_grade7_2015,26,reading,grade7,101,7.0,2.1,False
reading_grade7_2015,27,reading,grade7,101,9.0,2.6999999999999997,False
reading_grade7_2015,28,reading,grade7,101,11.0,3.3,False
reading_grade7_2015,29,reading,grade7,101,10.0,3.0,False
reading_grade7_2015,30,reading,grade7,101,10.0,3.0,False
reading_grade7_2015,31,reading,grade7,101,12.0,3.5999999999999996,False
reading_grade7_2015,32,reading,grade7,101,24.0,7.199999999999999,False
reading_grade7_2015,33,reading,grade7,101,19.0,5.7,False
reading_grade7_2015,34,reading,grade7,101,15.0,4.5,False
reading_grade7_2015,35,reading,grade7,101,15.0,4.5,False
reading_grade7_2015,36,reading,grade7,101,16.0,4.8,False
reading_grade7_2015,37,reading,grade7,101,31.0,9.299999999999999,False
reading_grade7_2015,38,reading,grade7,101,20.0,6.0,False
reading_grade7_2015,39,reading,grade7,101,12.0,3.5999999999999996,False
reading_grade7_2015,40,reading,grade7,101,18.0,5.3999999999999995,False
reading_grade7_2015,41,reading,grade7,101,19.0,5.7,False
reading_grade7_2015,42,reading,grade7,101,9.0,2.6999999999999997,False
reading_grade7_2015,43,reading,grade7,101,13.0,3.9,False
reading_grade7_2015,44,reading,grade7,101,11.0,3.3,False
reading_grade7_2015,45,reading,grade7,101,14.0,4.2,False
reading_grade7_practice_2024,1,reading,grade7,130,17.0,5.1,False
reading_grade7_practice_2024,2,reading,grade7,130,10.0,3.0,False
reading_grade7_practice_2024,3,reading,grade7,130,11.5,3.4499999999999997,False
reading_grade7_practice_2024,4,reading,grade7,130,23.0,6.8999999999999995,False
reading_grade7_practice_2024,5,reading,grade7,130,14.5,4.35,False
reading_grade7_practice_2024,6,reading,grade7,130,23.5,7.05,False
reading_grade7_practice_2024,7,reading,grade7,130,9.0,2.6999999999999997,False
reading_grade7_practice_2024,8,reading,grade7,130,10.5,3.15,False
reading_grade7_practice_2024,9,reading,grade7,130,14.0,4.2,False
reading_grade7_practice_2024,10,reading,grade7,130,17.5,5.25,False
reading_grade7_practice_2024,11,reading,grade7,130,10.0,3.0,False
reading_grade7_practice_2024,12,reading,grade7,130,7.5,2.25,False
reading_grade7_practice_2024,13,reading,grade7,130,20.0,6.0,False
reading_grade7_practice_2024,14,reading,grade7,130,28.0,8.4,False
reading_grade7_practice_2024,15,reading,grade7,130,17.5,5.25,False
reading_grade7_practice_2024,16,reading,grade7,130,16.0,4.8,False
reading_grade7_practice_2024,17,reading,grade7,130,12.0,3.5999999999999996,False
reading_grade7_practice_2024,18,reading,grade7,130,31.0,9.299999999999999,False
reading_grade7_practice_2024,19,reading,grade7,130,16.0,4.8,False
reading_grade7_practice_2024,20,reading,grade7,130,27.5,8.25,False
reading_grade7_practice_2024,21,reading,grade7,130,21.5,6.45,False
reading_grade7_practice_2024,22,reading,grade7,130,13.5,4.05,False
reading_grade7_practice_2024,23,reading,grade7,130,12.0,3.5999999999999996,False
reading_grade7_practice_2024,24,reading,grade7,130,15.0,4.5,False
reading_grade7_practice_2024,25,reading,grade7,130,12.0,3.5999999999999996,False
reading_grade7_practice_2024,26,reading,grade7,130,13.5,4.05,False
reading_grade7_practice_2024,27,reading,grade7,130,12.5,3.75,False
reading_grade7_practice_2024,28,reading,grade7,130,11.0,3.3,False
reading_grade7_practice_2024,29,reading,grade7,130,7.0,2.1,False
reading_grade7_practice_2024,30,reading,grade7,130,18.0,5.3999999999999995,False
reading_grade7_practice_2024,31,reading,grade7,130,11.5,3.4499999999999997,False
reading_grade7_practice_2024,32,reading,grade7,130,16.0,4.8,False
reading_grade7_practice_2024,33,reading,grade7,130,10.5,3.15,False
reading_grade7_practice_2024,34,reading,grade7,130,6.0,1.7999999999999998,False
reading_grade7_practice_2024,35,reading,grade7,130,10.0,3.0,False
reading_grade7_practice_2024,36,reading,grade7,130,9.0,2.6999999999999997,False
reading_grade8_2015,1,reading,grade8,31,39.0,10.0,True
reading_grade8_2015,2,reading,grade8,31,13.0,3.9,False
reading_grade8_2015,3,reading,grade8,31,11.0,3.3,False
reading_grade8_2015,4,reading,grade8,31,7.0,2.1,False
reading_grade8_2015,5,reading,grade8,31,10.0,3.0,False
reading_grade8_2015,6,reading,grade8,31,44.0,10.0,True
reading_grade8_2015,7,reading,grade8,31,7.0,2.1,False
reading_grade8_2015,8,reading,grade8,31,11.0,3.3,False
reading_grade8_2015,9,reading,grade8,31,15.0,4.5,False
reading_grade8_2015,10,reading,grade8,31,16.0,4.8,False
reading_grade8_2015,11,reading,grade8,31,20.0,6.0,False
reading_grade8_2015,12,reading,grade8,31,24.0,7.199999999999999,False
reading_grade8_2015,13,reading,grade8,31,14.0,4.2,False
reading_grade8_2015,14,reading,grade8,31,14.0,4.2,False
reading_grade8_2015,15,reading,grade8,31,15.0,4.5,False
reading_grade8_2015,16,reading,grade8,31,16.0,4.8,False
reading_grade8_2015,17,reading,grade8,31,9.0,2.6999999999999997,False
reading_grade8_2015,18,reading,grade8,31,10.0,3.0,False
reading_grade8_2015,19,reading,grade8,31,18.0,5.3999999999999995,False
reading_grade8_2015,20,reading,grade8,31,55.0,10.0,True
reading_grade8_2015,21,reading,grade8,31,19.0,5.7,False
reading_grade8_2015,22,reading,grade8,31,11.0,3.3,False
reading_grade8_2015,23,reading,grade8,31,10.0,3.0,False
reading_grade8_2015,24,reading,grade8,31,19.0,5.7,False
reading_grade8_2015,25,reading,grade8,31,11.0,3.3,False
reading_grade8_2015,26,reading,grade8,31,41.0,10.0,True
reading_grade8_2015,27,reading,grade8,31,37.0,10.0,True
reading_grade8_2015,28,reading,grade8,31,11.0,3.3,False
reading_grade8_2015,29,reading,grade8,31,28.0,8.4,False
reading_grade8_2015,30,reading,grade8,31,13.0,3.9,False
reading_grade8_2015,31,reading,grade8,31,32.0,9.6,False
reading_grade8_2015,32,reading,grade8,31,12.0,3.5999999999999996,False
reading_grade8_2015,33,reading,grade8,31,10.0,3.0,False
reading_grade8_2015,34,reading,grade8,31,18.0,5.3999999999999995,False
reading_grade8_2015,35,reading,grade8,31,18.0,5.3999999999999995,False
reading_grade8_2015,36,reading,grade8,31,7.0,2.1,False
reading_grade8_2015,37,reading,grade8,31,15.0,4.5,False
reading_grade8_2015,38,reading,grade8,31,9.0,2.6999999999999997,False
reading_grade8_2015,39,reading,grade8,31,19.0,5.7,False
reading_grade8_2015,40,reading,grade8,31,10.0,3.0,False
reading_grade8_2015,41,reading,grade8,31,6.0,1.7999999999999998,False
reading_grade8_practice_2024,1,reading,grade8,68,21.0,6.3,False
reading_grade8_practice_2024,2,reading,grade8,68,10.0,3.0,False
reading_grade8_practice_2024,3,reading,grade8,68,9.5,2.85,False
reading_grade8_practice_2024,4,reading,grade8,68,8.5,2.55,False
reading_grade8_practice_2024,5,reading,grade8,68,14.5,4.35,False
reading_grade8_practice_2024,6,reading,grade8,68,17.5,5.25,False
reading_grade8_practice_2024,7,reading,grade8,68,10.0,3.0,False
reading_grade8_practice_2024,8,reading,grade8,68,8.0,2.4,False
reading_grade8_practice_2024,9,reading,grade8,68,9.0,2.6999999999999997,False
reading_grade8_practice_2024,10,reading,grade8,68,16.0,4.8,False
reading_grade8_practice_2024,11,reading,grade8,68,17.0,5.1,False
reading_grade8_practice_2024,12,reading,grade8,68,25.5,7.6499999999999995,False
reading_grade8_practice_2024,13,reading,grade8,68,25.0,7.5,False
reading_grade8_practice_2024,14,reading,grade8,68,15.5,4.6499999999999995,False
reading_grade8_practice_2024,15,reading,grade8,68,25.0,7.5,False
reading_grade8_practice_2024,16,reading,grade8,68,8.0,2.4,False
reading_grade8_practice_2024,17,reading,grade8,68,29.0,8.7,False
reading_grade8_practice_2024,18,reading,grade8,68,11.0,3.3,False
reading_grade8_practice_2024,19,reading,grade8,68,5.5,1.65,False
reading_grade8_practice_2024,20,reading,grade8,68,10.0,3.0,False
reading_grade8_practice_2024,21,reading,grade8,68,21.5,6.45,False
reading_grade8_practice_2024,22,reading,grade8,68,12.0,3.5999999999999996,False
reading_grade8_practice_2024,23,reading,grade8,68,17.0,5.1,False
reading_grade8_practice_2024,24,reading,grade8,68,16.5,4.95,False
reading_grade8_practice_2024,25,reading,grade8,68,9.0,2.6999999999999997,False
reading_grade8_practice_2024,26,reading,grade8,68,11.0,3.3,False
reading_grade8_practice_2024,27,reading,grade8,68,11.0,3.3,False
reading_grade8_practice_2024,28,reading,grade8,68,23.0,6.8999999999999995,False
reading_grade8_practice_2024,29,reading,grade8,68,8.0,2.4,False
reading_grade8_practice_2024,30,reading,grade8,68,11.0,3.3,False
reading_grade8_practice_2024,31,reading,grade8,68,15.5,4.6499999999999995,False
reading_grade8_practice_2024,32,reading,grade8,68,16.0,4.8,False
reading_grade8_practice_2024,33,reading,grade8,68,19.5,5.85,False
reading_grade8_practice_2024,34,reading,grade8,68,12.0,3.5999999999999996,False
reading_grade8_practice_2024,35,reading,grade8,68,15.5,4.6499999999999995,False
reading_grade8_practice_2024,36,reading,grade8,68,7.0,2.1,False
reading_grade8_practice_2024,37,reading,grade8,68,6.0,1.7999999999999998,False
reading_grade8_practice_2024,38,reading,grade8,68,13.0,3.9,False
reading_grade8_practice_2024,39,reading,grade8,68,10.5,3.15,False
science_biology_2015,1,science,biology,504,13.0,3.9,False
science_biology_2015,2,science,biology,504,32.0,9.6,False
science_biology_2015,3,science,biology,504,15.0,4.5,False
science_biology_2015,4,science,biology,504,13.0,3.9,False
science_biology_2015,5,science,biology,504,9.5,2.85,False
science_biology_2015,6,science,biology,504,25.0,7.5,False
science_biology_2015,7,science,biology,504,16.0,4.8,False
science_biology_2015,8,science,biology,504,9.0,2.6999999999999997,False
science_biology_2015,9,science,biology,504,13.0,3.9,False
science_biology_2015,10,science,biology,504,22.0,6.6,False
science_biology_2015,11,science,biology,504,37.5,10.0,True
science_biology_2015,12,science,biology,504,13.0,3.9,False
science_biology_2015,13,science,biology,504,12.0,3.5999999999999996,False
science_biology_2015,14,science,biology,504,24.0,7.199999999999999,False
science_biology_2015,15,science,biology,504,19.0,5.7,False
science_biology_2015,16,science,biology,504,19.0,5.7,False
science_biology_2015,17,science,biology,504,23.0,6.8999999999999995,False
science_biology_2015,18,science,biology,504,12.0,3.5999999999999996,False
science_biology_2015,19,science,biology,504,17.0,5.1,False
science_biology_2015,20,science,biology,504,14.0,4.2,False
science_biology_2015,21,science,biology,504,25.0,7.5,False
science_biology_2015,22,science,biology,504,23.5,7.05,False
science_biology_2015,23,science,biology,504,17.0,5.1,False
science_biology_2015,24,science,biology,504,16.0,4.8,False
science_biology_2015,25,science,biology,504,51.0,10.0,True
science_biology_2015,26,science,biology,504,13.0,3.9,False
science_biology_2015,27,science,biology,504,15.0,4.5,False
science_biology_2015,28,science,biology,504,22.0,6.6,False
science_biology_2015,29,science,biology,504,33.0,9.9,False
science_biology_2015,30,science,biology,504,43.0,10.0,True
science_biology_2015,31,science,biology,504,18.0,5.3999999999999995,False
science_biology_2015,32,science,biology,504,24.5,7.35,False
science_biology_2015,33,science,biology,504,12.0,3.5999999999999996,False
science_biology_2015,34,science,biology,504,26.0,7.8,False
science_biology_2015,35,science,biology,504,14.0,4.2,False
science_biology_2015,36,science,biology,504,15.0,4.5,False
science_biology_2015,37,science,biology,504,10.0,3.0,False
science_biology_2015,38,science,biology,504,13.0,3.9,False
science_biology_2015,39,science,biology,504,29.0,8.7,False
science_biology_2015,40,science,biology,504,41.0,10.0,True
science_biology_2015,41,science,biology,504,12.0,3.5999999999999996,False
science_biology_2015,42,science,biology,504,12.0,3.5999999999999996,False
science_biology_2015,43,science,biology,504,18.0,5.3999999999999995,False
science_biology_2015,44,science,biology,504,17.0,5.1,False
science_biology_2015,45,science,biology,504,16.0,4.8,False
science_biology_2015,46,science,biology,504,19.0,5.7,False
science_chemistry_2015,1,science,chemistry,46,38.0,10.0,True
science_chemistry_2015,2,science,chemistry,46,12.0,3.5999999999999996,False
science_chemistry_2015,3,science,chemistry,46,12.5,3.75,False
science_chemistry_2015,4,science,chemistry,46,18.0,5.3999999999999995,False
science_chemistry_2015,5,science,chemistry,46,47.5,10.0,True
science_chemistry_2015,6,science,chemistry,46,37.5,10.0,True
science_chemistry_2015,7,science,chemistry,46,52.0,10.0,True
science_chemistry_2015,8,science,chemistry,46,16.5,4.95,False
science_chemistry_2015,9,science,chemistry,46,10.0,3.0,False
science_chemistry_2015,10,science,chemistry,46,11.0,3.3,False
science_chemistry_2015,11,science,chemistry,46,10.5,3.15,False
science_chemistry_2015,12,science,chemistry,46,22.0,6.6,False
science_chemistry_2015,13,science,chemistry,46,13.0,3.9,False
science_chemistry_2015,14,science,chemistry,46,12.5,3.75,False
science_chemistry_2015,15,science,chemistry,46,52.5,10.0,True
science_chemistry_2015,16,science,chemistry,46,24.0,7.199999999999999,False
science_chemistry_2015,17,science,chemistry,46,35.5,10.0,True
science_chemistry_2015,18,science,chemistry,46,16.0,4.8,False
science_chemistry_2015,19,science,chemistry,46,16.5,4.95,False
science_chemistry_2015,20,science,chemistry,46,13.0,3.9,False
science_chemistry_2015,21,science,chemistry,46,26.0,7.8,False
science_chemistry_2015,22,science,chemistry,46,22.0,6.6,False
science_chemistry_2015,23,science,chemistry,46,41.0,10.0,True
science_chemistry_2015,24,science,chemistry,46,21.5,6.45,False
science_chemistry_2015,25,science,chemistry,46,28.5,8.549999999999999,False
science_chemistry_2015,26,science,chemistry,46,42.5,10.0,True
science_chemistry_2015,27,science,chemistry,46,11.0,3.3,False
science_chemistry_2015,28,science,chemistry,46,46.5,10.0,True
science_chemistry_2015,29,science,chemistry,46,15.5,4.6499999999999995,False
science_chemistry_2015,30,science,chemistry,46,26.0,7.8,False
science_chemistry_2015,31,science,chemistry,46,18.5,5.55,False
science_chemistry_2015,32,science,chemistry,46,12.0,3.5999999999999996,False
science_chemistry_2015,33,science,chemistry,46,15.0,4.5,False
science_chemistry_2015,34,science,chemistry,46,17.0,5.1,False
science_chemistry_2015,35,science,chemistry,46,16.0,4.8,False
science_chemistry_2015,36,science,chemistry,46,37.0,10.0,True
science_chemistry_2015,37,science,chemistry,46,10.5,3.15,False
science_chemistry_2015,38,science,chemistry,46,22.5,6.75,False
science_chemistry_2015,39,science,chemistry,46,9.5,2.85,False
science_chemistry_2015,40,science,chemistry,46,12.5,3.75,False
science_chemistry_2015,41,science,chemistry,46,6.0,1.7999999999999998,False
science_chemistry_2015,42,science,chemistry,46,13.5,4.05,False
science_chemistry_2015,43,science,chemistry,46,21.0,6.3,False
science_chemistry_2015,44,science,chemistry,46,13.0,3.9,False
science_chemistry_2015,45,science,chemistry,46,11.0,3.3,False
science_chemistry_2015,46,science,chemistry,46,13.0,3.9,False
science_earth_sci_2015,1,science,earth_sci,213,16.0,4.8,False
science_earth_sci_2015,2,science,earth_sci,213,8.0,2.4,False
science_earth_sci_2015,3,science,earth_sci,213,6.0,1.7999999999999998,False
science_earth_sci_2015,4,science,earth_sci,213,8.0,2.4,False
science_earth_sci_2015,5,science,earth_sci,213,8.0,2.4,False
science_earth_sci_2015,6,science,earth_sci,213,13.0,3.9,False
science_earth_sci_2015,7,science,earth_sci,213,25.0,7.5,False
science_earth_sci_2015,8,science,earth_sci,213,46.0,10.0,True
science_earth_sci_2015,9,science,earth_sci,213,20.0,6.0,False
science_earth_sci_2015,10,science,earth_sci,213,8.0,2.4,False
science_earth_sci_2015,11,science,earth_sci,213,11.0,3.3,False
science_earth_sci_2015,12,science,earth_sci,213,5.0,1.5,False
science_earth_sci_2015,13,science,earth_sci,213,16.0,4.8,False
science_earth_sci_2015,14,science,earth_sci,213,9.0,2.6999999999999997,False
science_earth_sci_2015,15,science,earth_sci,213,7.0,2.1,False
science_earth_sci_2015,16,science,earth_sci,213,9.0,2.6999999999999997,False
science_earth_sci_2015,17,science,earth_sci,213,7.0,2.1,False
science_earth_sci_2015,18,science,earth_sci,213,8.0,2.4,False
science_earth_sci_2015,19,science,earth_sci,213,14.0,4.2,False
science_earth_sci_2015,20,science,earth_sci,213,11.0,3.3,False
science_earth_sci_2015,21,science,earth_sci,213,12.0,3.5999999999999996,False
science_earth_sci_2015,22,science,earth_sci,213,9.0,2.6999999999999997,False
science_earth_sci_2015,23,science,earth_sci,213,11.0,3.3,False
science_earth_sci_2015,24,science,earth_sci,213,12.0,3.5999999999999996,False
science_earth_sci_2015,25,science,earth_sci,213,7.0,2.1,False
science_earth_sci_2015,26,science,earth_sci,213,8.0,2.4,False
science_earth_sci_2015,27,science,earth_sci,213,7.0,2.1,False
science_earth_sci_2015,28,science,earth_sci,213,31.0,9.299999999999999,False
science_earth_sci_2015,29,science,earth_sci,213,16.0,4.8,False
science_earth_sci_2015,30,science,earth_sci,213,8.0,2.4,False
science_earth_sci_2015,31,science,earth_sci,213,7.0,2.1,False
science_earth_sci_2015,32,science,earth_sci,213,6.0,1.7999999999999998,False
science_earth_sci_2015,33,science,earth_sci,213,11.0,3.3,False
science_earth_sci_2015,34,science,earth_sci,213,15.0,4.5,False
science_earth_sci_2015,35,science,earth_sci,213,13.0,3.9,False
science_earth_sci_2015,36,science,earth_sci,213,23.0,6.8999999999999995,False
science_earth_sci_2015,37,science,earth_sci,213,12.0,3.5999999999999996,False
science_earth_sci_2015,38,science,earth_sci,213,14.0,4.2,False
science_earth_sci_2015,39,science,earth_sci,213,12.0,3.5999999999999996,False
science_earth_sci_2015,40,science,earth_sci,213,10.0,3.0,False
science_earth_sci_2015,41,science,earth_sci,213,24.0,7.199999999999999,False
science_earth_sci_2015,42,science,earth_sci,213,15.0,4.5,False
science_earth_sci_2015,43,science,earth_sci,213,21.0,6.3,False
science_earth_sci_2015,44,science,earth_sci,213,11.0,3.3,False
science_earth_sci_2015,45,science,earth_sci,213,11.0,3.3,False
science_grade5_2015,1,science,grade5,899,6.0,1.7999999999999998,False
science_grade5_2015,2,science,grade5,899,7.0,2.1,False
science_grade5_2015,3,science,grade5,899,9.0,2.6999999999999997,False
science_grade5_2015,4,science,grade5,899,5.0,1.5,False
science_grade5_2015,5,science,grade5,899,12.0,3.5999999999999996,False
science_grade5_2015,6,science,grade5,899,8.0,2.4,False
science_grade5_2015,7,science,grade5,899,8.0,2.4,False
science_grade5_2015,8,science,grade5,899,9.0,2.6999999999999997,False
science_grade5_2015,9,science,grade5,899,6.0,1.7999999999999998,False
science_grade5_2015,10,science,grade5,899,8.0,2.4,False
science_grade5_2015,12,science,grade5,899,8.0,2.4,False
science_grade5_2015,13,science,grade5,899,10.0,3.0,False
science_grade5_2015,14,science,grade5,899,11.0,3.3,False
science_grade5_2015,15,science,grade5,899,7.0,2.1,False
science_grade5_2015,16,science,grade5,899,5.0,1.5,False
science_grade5_2015,17,science,grade5,899,11.0,3.3,False
science_grade5_2015,18,science,grade5,899,11.0,3.3,False
science_grade5_2015,19,science,grade5,899,18.0,5.3999999999999995,False
science_grade5_2015,20,science,grade5,899,8.0,2.4,False
science_grade5_2015,21,science,grade5,899,8.0,2.4,False
science_grade5_2015,22,science,grade5,899,6.0,1.7999999999999998,False
science_grade5_2015,23,science,grade5,899,12.0,3.5999999999999996,False
science_grade5_2015,24,science,grade5,899,9.0,2.6999999999999997,False
science_grade5_2015,25,science,grade5,899,8.0,2.4,False
science_grade5_2015,26,science,grade5,899,7.0,2.1,False
science_grade5_2015,27,science,grade5,899,6.0,1.7999999999999998,False
science_grade5_2015,28,science,grade5,899,12.0,3.5999999999999996,False
science_grade5_2015,29,science,grade5,899,13.0,3.9,False
science_grade5_2015,30,science,grade5,899,26.0,7.8,False
science_grade5_2015,31,science,grade5,899,12.0,3.5999999999999996,False
science_grade5_2015,32,science,grade5,899,8.0,2.4,False
science_grade5_2015,33,science,grade5,899,16.0,4.8,False
science_grade5_2015,34,science,grade5,899,6.0,1.7999999999999998,False
science_grade5_2015,35,science,grade5,899,8.0,2.4,False
science_grade5_2015,36,science,grade5,899,8.0,2.4,False
science_grade5_2015,37,science,grade5,899,6.0,1.7999999999999998,False
science_grade8_2015,1,science,grade8,82,10.0,3.0,False
science_grade8_2015,2,science,grade8,82,10.5,3.15,False
science_grade8_2015,3,science,grade8,82,20.0,6.0,False
science_grade8_2015,4,science,grade8,82,12.0,3.5999999999999996,False
science_grade8_2015,5,science,grade8,82,18.0,5.3999999999999995,False
science_grade8_2015,6,science,grade8,82,9.0,2.6999999999999997,False
science_grade8_2015,7,science,grade8,82,11.0,3.3,False
science_grade8_2015,8,science,grade8,82,9.0,2.6999999999999997,False
science_grade8_2015,9,science,grade8,82,13.0,3.9,False
science_grade8_2015,10,science,grade8,82,20.0,6.0,False
science_grade8_2015,11,science,grade8,82,34.5,10.0,True
science_grade8_2015,12,science,grade8,82,5.0,1.5,False
science_grade8_2015,13,science,grade8,82,30.5,9.15,False
science_grade8_2015,14,science,grade8,82,17.0,5.1,False
science_grade8_2015,15,science,grade8,82,12.0,3.5999999999999996,False
science_grade8_2015,16,science,grade8,82,28.5,8.549999999999999,False
science_grade8_2015,17,science,grade8,82,8.0,2.4,False
science_grade8_2015,18,science,grade8,82,15.5,4.6499999999999995,False
science_grade8_2015,19,science,grade8,82,25.0,7.5,False
science_grade8_2015,20,science,grade8,82,7.0,2.1,False
science_grade8_2015,21,science,grade8,82,14.5,4.35,False
science_grade8_2015,22,science,grade8,82,11.0,3.3,False
science_grade8_2015,23,science,grade8,82,18.5,5.55,False
science_grade8_2015,24,science,grade8,82,11.5,3.4499999999999997,False
science_grade8_2015,25,science,grade8,82,19.0,5.7,False
science_grade8_2015,26,science,grade8,82,20.0,6.0,False
science_grade8_2015,27,science,grade8,82,17.5,5.25,False
science_grade8_2015,28,science,grade8,82,11.0,3.3,False
science_grade8_2015,29,science,grade8,82,13.0,3.9,False
science_grade8_2015,30,science,grade8,82,17.5,5.25,False
science_grade8_2015,31,science,grade8,82,8.0,2.4,False
science_grade8_2015,32,science,grade8,82,13.0,3.9,False
science_grade8_2015,33,science,grade8,82,10.5,3.15,False
science_grade8_2015,34,science,grade8,82,10.0,3.0,False
science_grade8_2015,35,science,grade8,82,10.5,3.15,False
science_grade8_2015,36,science,grade8,82,15.5,4.6499999999999995,False
science_grade8_2015,37,science,grade8,82,14.5,4.35,False
science_grade8_2015,38,science,grade8,82,8.5,2.55,False
science_grade8_2015,39,science,grade8,82,23.0,6.8999999999999995,False
science_grade8_2015,40,science,grade8,82,19.0,5.7,False
science_grade8_2015,41,science,grade8,82,9.0,2.6999999999999997,False
science_grade8_2015,42,science,grade8,82,15.5,4.6499999999999995,False
science_grade8_2015,43,science,grade8,82,20.0,6.0,False
science_grade8_2015,44,science,grade8,82,9.5,2.85,False
science_grade8_2015,45,science,grade8,82,8.0,2.4,False
science_grade8_2015,46,science,grade8,82,13.0,3.9,False
science_grade8_2015,47,science,grade8,82,11.0,3.3,False
science_grade8_2015,48,science,grade8,82,10.0,3.0,False
